Event,Type
Event 1,{'name': 'Roundtable'}
Event 2,{'name': 'Talk'}
Event 3,{'name': 'Workshop'}
Event 4,{'name': 'Masterclass'}
Event 5,{'name': 'Roundtable'}
Event 6,{'name': 'Workshop'}
Event 7,{'name': 'Masterclass'}
Event 8,{'name': 'Workshop'}
Event 9,{'name': 'Workshop'}
Event 10,{'name': 'Talk'}
Event 11,{'name': 'Roundtable'}
Event 12,{'name': 'Debate'}
Event 13,{'name': 'Workshop'}
Event 14,{'name': 'Masterclass'}
Event 15,{'name': 'Workshop'}
Event 16,{'name': 'Debate'}
Event 17,{'name': 'Masterclass'}
Event 18,{'name': 'Workshop'}
Event 19,{'name': 'Workshop'}
Event 20,{'name': 'Masterclass'}
Event 21,{'name': 'Roundtable'}
Event 22,{'name': 'Workshop'}
Event 23,{'name': 'Masterclass'}
Event 24,{'name': 'Roundtable'}
Event 25,{'name': 'Masterclass'}
Event 26,{'name': 'Masterclass'}
Event 27,{'name': 'Debate'}
Event 28,{'name': 'Talk'}
Event 29,{'name': 'Masterclass'}
Event 30,{'name': 'Masterclass'}
Event 31,{'name': 'Debate'}
Event 32,{'name': 'Masterclass'}
Event 33,{'name': 'Talk'}
Event 34,{'name': 'Workshop'}
Event 35,{'name': 'Masterclass'}
Event 36,{'name': 'Masterclass'}
Event 37,{'name': 'Masterclass'}
Event 38,{'name': 'Talk'}
Event 39,{'name': 'Masterclass'}
Event 40,{'name': 'Roundtable'}
Event 41,{'name': 'Debate'}
Event 42,{'name': 'Roundtable'}
Event 43,{'name': 'Workshop'}
Event 44,{'name': 'Workshop'}
Event 45,{'name': 'Debate'}
Event 46,{'name': 'Masterclass'}
Event 47,{'name': 'Masterclass'}
Event 48,{'name': 'Debate'}
Event 49,{'name': 'Workshop'}
Event 50,{'name': 'Talk'}
Event 51,{'name': 'Talk'}
Event 52,{'name': 'Talk'}
Event 53,{'name': 'Debate'}
Event 54,{'name': 'Masterclass'}
Event 55,{'name': 'Debate'}
Event 56,{'name': 'Talk'}
Event 57,{'name': 'Talk'}
Event 58,{'name': 'Roundtable'}
Event 59,{'name': 'Workshop'}
Event 60,{'name': 'Debate'}
Event 61,{'name': 'Workshop'}
Event 62,{'name': 'Talk'}
Event 63,{'name': 'Roundtable'}
Event 64,{'name': 'Debate'}
Event 65,{'name': 'Masterclass'}
Event 66,{'name': 'Talk'}
Event 67,{'name': 'Workshop'}
Event 68,{'name': 'Masterclass'}
Event 69,{'name': 'Roundtable'}
Event 70,{'name': 'Talk'}
Event 71,{'name': 'Workshop'}
Event 72,{'name': 'Talk'}
Event 73,{'name': 'Workshop'}
Event 74,{'name': 'Roundtable'}
Event 75,{'name': 'Roundtable'}
Event 76,{'name': 'Talk'}
Event 77,{'name': 'Masterclass'}
Event 78,{'name': 'Roundtable'}
Event 79,{'name': 'Roundtable'}
Event 80,{'name': 'Roundtable'}
Event 81,{'name': 'Debate'}
Event 82,{'name': 'Roundtable'}
Event 83,{'name': 'Debate'}
Event 84,{'name': 'Talk'}
Event 85,{'name': 'Roundtable'}
Event 86,{'name': 'Debate'}
Event 87,{'name': 'Masterclass'}
Event 88,{'name': 'Masterclass'}
Event 89,{'name': 'Workshop'}
Event 90,{'name': 'Roundtable'}
Event 91,{'name': 'Debate'}
Event 92,{'name': 'Debate'}
Event 93,{'name': 'Masterclass'}
Event 94,{'name': 'Workshop'}
Event 95,{'name': 'Roundtable'}
Event 96,{'name': 'Debate'}
Event 97,{'name': 'Talk'}
Event 98,{'name': 'Masterclass'}
Event 99,{'name': 'Debate'}
Event 100,{'name': 'Talk'}
Event 101,{'name': 'Roundtable'}
Event 102,{'name': 'Debate'}
Event 103,{'name': 'Debate'}
Event 104,{'name': 'Masterclass'}
Event 105,{'name': 'Talk'}
Event 106,{'name': 'Roundtable'}
Event 107,{'name': 'Roundtable'}
Event 108,{'name': 'Workshop'}
Event 109,{'name': 'Workshop'}
Event 110,{'name': 'Debate'}
Event 111,{'name': 'Talk'}
Event 112,{'name': 'Roundtable'}
Event 113,{'name': 'Talk'}
Event 114,{'name': 'Masterclass'}
Event 115,{'name': 'Talk'}
Event 116,{'name': 'Masterclass'}
Event 117,{'name': 'Workshop'}
Event 118,{'name': 'Workshop'}
Event 119,{'name': 'Workshop'}
Event 120,{'name': 'Talk'}
Event 121,{'name': 'Roundtable'}
Event 122,{'name': 'Roundtable'}
Event 123,{'name': 'Roundtable'}
Event 124,{'name': 'Debate'}
Event 125,{'name': 'Debate'}
Event 126,{'name': 'Talk'}
Event 127,{'name': 'Masterclass'}
Event 128,{'name': 'Workshop'}
Event 129,{'name': 'Talk'}
Event 130,{'name': 'Debate'}
Event 131,{'name': 'Roundtable'}
Event 132,{'name': 'Masterclass'}
Event 133,{'name': 'Masterclass'}
Event 134,{'name': 'Debate'}
Event 135,{'name': 'Masterclass'}
Event 136,{'name': 'Talk'}
Event 137,{'name': 'Talk'}
Event 138,{'name': 'Workshop'}
Event 139,{'name': 'Masterclass'}
Event 140,{'name': 'Debate'}
Event 141,{'name': 'Masterclass'}
Event 142,{'name': 'Workshop'}
Event 143,{'name': 'Workshop'}
Event 144,{'name': 'Talk'}
Event 145,{'name': 'Workshop'}
Event 146,{'name': 'Workshop'}
Event 147,{'name': 'Talk'}
Event 148,{'name': 'Debate'}
Event 149,{'name': 'Workshop'}
Event 150,{'name': 'Workshop'}
Event 151,{'name': 'Roundtable'}
Event 152,{'name': 'Debate'}
Event 153,{'name': 'Roundtable'}
Event 154,{'name': 'Masterclass'}
Event 155,{'name': 'Masterclass'}
Event 156,{'name': 'Talk'}
Event 157,{'name': 'Talk'}
Event 158,{'name': 'Workshop'}
Event 159,{'name': 'Masterclass'}
Event 160,{'name': 'Debate'}
Event 161,{'name': 'Workshop'}
Event 162,{'name': 'Talk'}
Event 163,{'name': 'Masterclass'}
Event 164,{'name': 'Roundtable'}
Event 165,{'name': 'Roundtable'}
Event 166,{'name': 'Workshop'}
Event 167,{'name': 'Debate'}
Event 168,{'name': 'Workshop'}
Event 169,{'name': 'Masterclass'}
Event 170,{'name': 'Masterclass'}
Event 171,{'name': 'Workshop'}
Event 172,{'name': 'Talk'}
Event 173,{'name': 'Roundtable'}
Event 174,{'name': 'Masterclass'}
Event 175,{'name': 'Workshop'}
Event 176,{'name': 'Talk'}
Event 177,{'name': 'Masterclass'}
Event 178,{'name': 'Talk'}
Event 179,{'name': 'Talk'}
Event 180,{'name': 'Debate'}
Event 181,{'name': 'Debate'}
Event 182,{'name': 'Roundtable'}
Event 183,{'name': 'Roundtable'}
Event 184,{'name': 'Debate'}
Event 185,{'name': 'Masterclass'}
Event 186,{'name': 'Roundtable'}
Event 187,{'name': 'Masterclass'}
Event 188,{'name': 'Masterclass'}
Event 189,{'name': 'Roundtable'}
Event 190,{'name': 'Debate'}
Event 191,{'name': 'Workshop'}
Event 192,{'name': 'Workshop'}
Event 193,{'name': 'Talk'}
Event 194,{'name': 'Workshop'}
Event 195,{'name': 'Talk'}
Event 196,{'name': 'Roundtable'}
Event 197,{'name': 'Roundtable'}
Event 198,{'name': 'Roundtable'}
Event 199,{'name': 'Workshop'}
Event 200,{'name': 'Masterclass'}
Event 201,{'name': 'Roundtable'}
Event 202,{'name': 'Masterclass'}
Event 203,{'name': 'Talk'}
Event 204,{'name': 'Roundtable'}
Event 205,{'name': 'Workshop'}
Event 206,{'name': 'Roundtable'}
Event 207,{'name': 'Masterclass'}
Event 208,{'name': 'Talk'}
Event 209,{'name': 'Debate'}
Event 210,{'name': 'Roundtable'}
Event 211,{'name': 'Debate'}
Event 212,{'name': 'Talk'}
Event 213,{'name': 'Workshop'}
Event 214,{'name': 'Talk'}
Event 215,{'name': 'Masterclass'}
Event 216,{'name': 'Debate'}
Event 217,{'name': 'Masterclass'}
Event 218,{'name': 'Debate'}
Event 219,{'name': 'Masterclass'}
Event 220,{'name': 'Roundtable'}
Event 221,{'name': 'Talk'}
Event 222,{'name': 'Workshop'}
Event 223,{'name': 'Masterclass'}
Event 224,{'name': 'Debate'}
Event 225,{'name': 'Talk'}
Event 226,{'name': 'Roundtable'}
Event 227,{'name': 'Workshop'}
Event 228,{'name': 'Debate'}
Event 229,{'name': 'Roundtable'}
Event 230,{'name': 'Roundtable'}
Event 231,{'name': 'Talk'}
Event 232,{'name': 'Talk'}
Event 233,{'name': 'Debate'}
Event 234,{'name': 'Masterclass'}
Event 235,{'name': 'Debate'}
Event 236,{'name': 'Masterclass'}
Event 237,{'name': 'Roundtable'}
Event 238,{'name': 'Masterclass'}
Event 239,{'name': 'Workshop'}
Event 240,{'name': 'Talk'}
Event 241,{'name': 'Masterclass'}
Event 242,{'name': 'Talk'}
Event 243,{'name': 'Workshop'}
Event 244,{'name': 'Workshop'}
Event 245,{'name': 'Debate'}
Event 246,{'name': 'Masterclass'}
Event 247,{'name': 'Roundtable'}
Event 248,{'name': 'Roundtable'}
Event 249,{'name': 'Debate'}
Event 250,{'name': 'Masterclass'}
Event 251,{'name': 'Talk'}
Event 252,{'name': 'Masterclass'}
Event 253,{'name': 'Debate'}
Event 254,{'name': 'Talk'}
Event 255,{'name': 'Masterclass'}
Event 256,{'name': 'Debate'}
Event 257,{'name': 'Workshop'}
Event 258,{'name': 'Talk'}
Event 259,{'name': 'Masterclass'}
Event 260,{'name': 'Masterclass'}
Event 261,{'name': 'Workshop'}
Event 262,{'name': 'Masterclass'}
Event 263,{'name': 'Workshop'}
Event 264,{'name': 'Debate'}
Event 265,{'name': 'Roundtable'}
Event 266,{'name': 'Debate'}
Event 267,{'name': 'Workshop'}
Event 268,{'name': 'Debate'}
Event 269,{'name': 'Workshop'}
Event 270,{'name': 'Workshop'}
Event 271,{'name': 'Workshop'}
Event 272,{'name': 'Talk'}
Event 273,{'name': 'Debate'}
Event 274,{'name': 'Workshop'}
Event 275,{'name': 'Debate'}
Event 276,{'name': 'Debate'}
Event 277,{'name': 'Workshop'}
Event 278,{'name': 'Workshop'}
Event 279,{'name': 'Workshop'}
Event 280,{'name': 'Debate'}
Event 281,{'name': 'Talk'}
Event 282,{'name': 'Workshop'}
Event 283,{'name': 'Debate'}
Event 284,{'name': 'Masterclass'}
Event 285,{'name': 'Roundtable'}
Event 286,{'name': 'Talk'}
Event 287,{'name': 'Workshop'}
Event 288,{'name': 'Talk'}
Event 289,{'name': 'Workshop'}
Event 290,{'name': 'Workshop'}
Event 291,{'name': 'Debate'}
Event 292,{'name': 'Workshop'}
Event 293,{'name': 'Talk'}
Event 294,{'name': 'Roundtable'}
Event 295,{'name': 'Talk'}
Event 296,{'name': 'Roundtable'}
Event 297,{'name': 'Workshop'}
Event 298,{'name': 'Roundtable'}
Event 299,{'name': 'Talk'}
Event 300,{'name': 'Roundtable'}
Event 301,{'name': 'Talk'}
Event 302,{'name': 'Masterclass'}
Event 303,{'name': 'Roundtable'}
Event 304,{'name': 'Workshop'}
Event 305,{'name': 'Talk'}
Event 306,{'name': 'Debate'}
Event 307,{'name': 'Masterclass'}
Event 308,{'name': 'Roundtable'}
Event 309,{'name': 'Debate'}
Event 310,{'name': 'Debate'}
Event 311,{'name': 'Debate'}
Event 312,{'name': 'Roundtable'}
Event 313,{'name': 'Roundtable'}
Event 314,{'name': 'Masterclass'}
Event 315,{'name': 'Debate'}
Event 316,{'name': 'Talk'}
Event 317,{'name': 'Talk'}
Event 318,{'name': 'Workshop'}
Event 319,{'name': 'Debate'}
Event 320,{'name': 'Talk'}
Event 321,{'name': 'Roundtable'}
Event 322,{'name': 'Debate'}
Event 323,{'name': 'Workshop'}
Event 324,{'name': 'Talk'}
Event 325,{'name': 'Workshop'}
Event 326,{'name': 'Roundtable'}
Event 327,{'name': 'Talk'}
Event 328,{'name': 'Talk'}
Event 329,{'name': 'Debate'}
Event 330,{'name': 'Masterclass'}
Event 331,{'name': 'Roundtable'}
Event 332,{'name': 'Debate'}
Event 333,{'name': 'Talk'}
Event 334,{'name': 'Debate'}
Event 335,{'name': 'Workshop'}
Event 336,{'name': 'Roundtable'}
Event 337,{'name': 'Talk'}
Event 338,{'name': 'Debate'}
Event 339,{'name': 'Workshop'}
Event 340,{'name': 'Debate'}
Event 341,{'name': 'Talk'}
Event 342,{'name': 'Roundtable'}
Event 343,{'name': 'Workshop'}
Event 344,{'name': 'Workshop'}
Event 345,{'name': 'Roundtable'}
Event 346,{'name': 'Masterclass'}
Event 347,{'name': 'Talk'}
Event 348,{'name': 'Workshop'}
Event 349,{'name': 'Workshop'}
Event 350,{'name': 'Talk'}
Event 351,{'name': 'Masterclass'}
Event 352,{'name': 'Talk'}
Event 353,{'name': 'Debate'}
Event 354,{'name': 'Roundtable'}
Event 355,{'name': 'Talk'}
Event 356,{'name': 'Debate'}
Event 357,{'name': 'Debate'}
Event 358,{'name': 'Debate'}
Event 359,{'name': 'Workshop'}
Event 360,{'name': 'Workshop'}
Event 361,{'name': 'Debate'}
Event 362,{'name': 'Talk'}
Event 363,{'name': 'Debate'}
Event 364,{'name': 'Masterclass'}
Event 365,{'name': 'Debate'}
Event 366,{'name': 'Talk'}
Event 367,{'name': 'Roundtable'}
Event 368,{'name': 'Masterclass'}
Event 369,{'name': 'Masterclass'}
Event 370,{'name': 'Masterclass'}
Event 371,{'name': 'Debate'}
Event 372,{'name': 'Debate'}
Event 373,{'name': 'Debate'}
Event 374,{'name': 'Debate'}
Event 375,{'name': 'Roundtable'}
Event 376,{'name': 'Masterclass'}
Event 377,{'name': 'Roundtable'}
Event 378,{'name': 'Workshop'}
Event 379,{'name': 'Workshop'}
Event 380,{'name': 'Roundtable'}
Event 381,{'name': 'Masterclass'}
Event 382,{'name': 'Roundtable'}
Event 383,{'name': 'Debate'}
Event 384,{'name': 'Workshop'}
Event 385,{'name': 'Roundtable'}
Event 386,{'name': 'Debate'}
Event 387,{'name': 'Talk'}
Event 388,{'name': 'Roundtable'}
Event 389,{'name': 'Workshop'}
Event 390,{'name': 'Workshop'}
Event 391,{'name': 'Workshop'}
Event 392,{'name': 'Masterclass'}
Event 393,{'name': 'Workshop'}
Event 394,{'name': 'Talk'}
Event 395,{'name': 'Debate'}
Event 396,{'name': 'Workshop'}
Event 397,{'name': 'Talk'}
Event 398,{'name': 'Masterclass'}
Event 399,{'name': 'Roundtable'}
Event 400,{'name': 'Talk'}
Event 401,{'name': 'Debate'}
Event 402,{'name': 'Talk'}
Event 403,{'name': 'Talk'}
Event 404,{'name': 'Debate'}
Event 405,{'name': 'Roundtable'}
Event 406,{'name': 'Roundtable'}
Event 407,{'name': 'Talk'}
Event 408,{'name': 'Roundtable'}
Event 409,{'name': 'Talk'}
Event 410,{'name': 'Talk'}
Event 411,{'name': 'Roundtable'}
Event 412,{'name': 'Workshop'}
Event 413,{'name': 'Workshop'}
Event 414,{'name': 'Masterclass'}
Event 415,{'name': 'Debate'}
Event 416,{'name': 'Masterclass'}
Event 417,{'name': 'Debate'}
Event 418,{'name': 'Roundtable'}
Event 419,{'name': 'Debate'}
Event 420,{'name': 'Talk'}
Event 421,{'name': 'Roundtable'}
Event 422,{'name': 'Debate'}
Event 423,{'name': 'Workshop'}
Event 424,{'name': 'Roundtable'}
Event 425,{'name': 'Debate'}
Event 426,{'name': 'Masterclass'}
Event 427,{'name': 'Roundtable'}
Event 428,{'name': 'Talk'}
Event 429,{'name': 'Workshop'}
Event 430,{'name': 'Talk'}
Event 431,{'name': 'Debate'}
Event 432,{'name': 'Workshop'}
Event 433,{'name': 'Roundtable'}
Event 434,{'name': 'Roundtable'}
Event 435,{'name': 'Masterclass'}
Event 436,{'name': 'Masterclass'}
Event 437,{'name': 'Debate'}
Event 438,{'name': 'Workshop'}
Event 439,{'name': 'Workshop'}
Event 440,{'name': 'Talk'}
Event 441,{'name': 'Workshop'}
Event 442,{'name': 'Talk'}
Event 443,{'name': 'Debate'}
Event 444,{'name': 'Debate'}
Event 445,{'name': 'Masterclass'}
Event 446,{'name': 'Roundtable'}
Event 447,{'name': 'Roundtable'}
Event 448,{'name': 'Debate'}
Event 449,{'name': 'Talk'}
Event 450,{'name': 'Roundtable'}
Event 451,{'name': 'Talk'}
Event 452,{'name': 'Masterclass'}
Event 453,{'name': 'Workshop'}
Event 454,{'name': 'Roundtable'}
Event 455,{'name': 'Talk'}
Event 456,{'name': 'Workshop'}
Event 457,{'name': 'Debate'}
Event 458,{'name': 'Masterclass'}
Event 459,{'name': 'Workshop'}
Event 460,{'name': 'Roundtable'}
Event 461,{'name': 'Workshop'}
Event 462,{'name': 'Workshop'}
Event 463,{'name': 'Talk'}
Event 464,{'name': 'Talk'}
Event 465,{'name': 'Roundtable'}
Event 466,{'name': 'Roundtable'}
Event 467,{'name': 'Talk'}
Event 468,{'name': 'Talk'}
Event 469,{'name': 'Roundtable'}
Event 470,{'name': 'Debate'}
Event 471,{'name': 'Masterclass'}
Event 472,{'name': 'Debate'}
Event 473,{'name': 'Roundtable'}
Event 474,{'name': 'Talk'}
Event 475,{'name': 'Workshop'}
Event 476,{'name': 'Roundtable'}
Event 477,{'name': 'Debate'}
Event 478,{'name': 'Debate'}
Event 479,{'name': 'Workshop'}
Event 480,{'name': 'Masterclass'}
Event 481,{'name': 'Debate'}
Event 482,{'name': 'Roundtable'}
Event 483,{'name': 'Debate'}
Event 484,{'name': 'Roundtable'}
Event 485,{'name': 'Masterclass'}
Event 486,{'name': 'Roundtable'}
Event 487,{'name': 'Roundtable'}
Event 488,{'name': 'Roundtable'}
Event 489,{'name': 'Masterclass'}
Event 490,{'name': 'Talk'}
Event 491,{'name': 'Debate'}
Event 492,{'name': 'Masterclass'}
Event 493,{'name': 'Talk'}
Event 494,{'name': 'Talk'}
Event 495,{'name': 'Workshop'}
Event 496,{'name': 'Masterclass'}
Event 497,{'name': 'Debate'}
Event 498,{'name': 'Debate'}
Event 499,{'name': 'Roundtable'}
Event 500,{'name': 'Talk'}
Event 501,{'name': 'Debate'}
Event 502,{'name': 'Debate'}
Event 503,{'name': 'Workshop'}
Event 504,{'name': 'Talk'}
Event 505,{'name': 'Debate'}
Event 506,{'name': 'Workshop'}
Event 507,{'name': 'Masterclass'}
Event 508,{'name': 'Roundtable'}
Event 509,{'name': 'Roundtable'}
Event 510,{'name': 'Talk'}
Event 511,{'name': 'Roundtable'}
Event 512,{'name': 'Talk'}
Event 513,{'name': 'Roundtable'}
Event 514,{'name': 'Talk'}
Event 515,{'name': 'Masterclass'}
Event 516,{'name': 'Workshop'}
Event 517,{'name': 'Talk'}
Event 518,{'name': 'Roundtable'}
Event 519,{'name': 'Talk'}
Event 520,{'name': 'Roundtable'}
Event 521,{'name': 'Masterclass'}
Event 522,{'name': 'Debate'}
Event 523,{'name': 'Workshop'}
Event 524,{'name': 'Masterclass'}
Event 525,{'name': 'Debate'}
Event 526,{'name': 'Roundtable'}
Event 527,{'name': 'Roundtable'}
Event 528,{'name': 'Roundtable'}
Event 529,{'name': 'Masterclass'}
Event 530,{'name': 'Workshop'}
Event 531,{'name': 'Workshop'}
Event 532,{'name': 'Workshop'}
Event 533,{'name': 'Roundtable'}
Event 534,{'name': 'Masterclass'}
Event 535,{'name': 'Masterclass'}
Event 536,{'name': 'Workshop'}
Event 537,{'name': 'Masterclass'}
Event 538,{'name': 'Talk'}
Event 539,{'name': 'Masterclass'}
Event 540,{'name': 'Workshop'}
Event 541,{'name': 'Debate'}
Event 542,{'name': 'Roundtable'}
Event 543,{'name': 'Talk'}
Event 544,{'name': 'Roundtable'}
Event 545,{'name': 'Workshop'}
Event 546,{'name': 'Debate'}
Event 547,{'name': 'Roundtable'}
Event 548,{'name': 'Talk'}
Event 549,{'name': 'Debate'}
Event 550,{'name': 'Workshop'}
Event 551,{'name': 'Talk'}
Event 552,{'name': 'Debate'}
Event 553,{'name': 'Debate'}
Event 554,{'name': 'Debate'}
Event 555,{'name': 'Workshop'}
Event 556,{'name': 'Debate'}
Event 557,{'name': 'Debate'}
Event 558,{'name': 'Roundtable'}
Event 559,{'name': 'Talk'}
Event 560,{'name': 'Talk'}
Event 561,{'name': 'Roundtable'}
Event 562,{'name': 'Masterclass'}
Event 563,{'name': 'Workshop'}
Event 564,{'name': 'Roundtable'}
Event 565,{'name': 'Workshop'}
Event 566,{'name': 'Roundtable'}
Event 567,{'name': 'Workshop'}
Event 568,{'name': 'Roundtable'}
Event 569,{'name': 'Debate'}
Event 570,{'name': 'Debate'}
Event 571,{'name': 'Debate'}
Event 572,{'name': 'Workshop'}
Event 573,{'name': 'Masterclass'}
Event 574,{'name': 'Talk'}
Event 575,{'name': 'Roundtable'}
Event 576,{'name': 'Debate'}
Event 577,{'name': 'Debate'}
Event 578,{'name': 'Roundtable'}
Event 579,{'name': 'Debate'}
Event 580,{'name': 'Debate'}
Event 581,{'name': 'Workshop'}
Event 582,{'name': 'Roundtable'}
Event 583,{'name': 'Roundtable'}
Event 584,{'name': 'Roundtable'}
Event 585,{'name': 'Workshop'}
Event 586,{'name': 'Workshop'}
Event 587,{'name': 'Debate'}
Event 588,{'name': 'Roundtable'}
Event 589,{'name': 'Roundtable'}
Event 590,{'name': 'Masterclass'}
Event 591,{'name': 'Masterclass'}
Event 592,{'name': 'Debate'}
Event 593,{'name': 'Debate'}
Event 594,{'name': 'Roundtable'}
Event 595,{'name': 'Masterclass'}
Event 596,{'name': 'Workshop'}
Event 597,{'name': 'Roundtable'}
Event 598,{'name': 'Roundtable'}
Event 599,{'name': 'Talk'}
Event 600,{'name': 'Debate'}
Event 601,{'name': 'Masterclass'}
Event 602,{'name': 'Workshop'}
Event 603,{'name': 'Debate'}
Event 604,{'name': 'Masterclass'}
Event 605,{'name': 'Roundtable'}
Event 606,{'name': 'Debate'}
Event 607,{'name': 'Debate'}
Event 608,{'name': 'Masterclass'}
Event 609,{'name': 'Debate'}
Event 610,{'name': 'Masterclass'}
Event 611,{'name': 'Masterclass'}
Event 612,{'name': 'Debate'}
Event 613,{'name': 'Talk'}
Event 614,{'name': 'Debate'}
Event 615,{'name': 'Roundtable'}
Event 616,{'name': 'Masterclass'}
Event 617,{'name': 'Masterclass'}
Event 618,{'name': 'Talk'}
Event 619,{'name': 'Roundtable'}
Event 620,{'name': 'Masterclass'}
Event 621,{'name': 'Workshop'}
Event 622,{'name': 'Roundtable'}
Event 623,{'name': 'Masterclass'}
Event 624,{'name': 'Debate'}
Event 625,{'name': 'Debate'}
Event 626,{'name': 'Roundtable'}
Event 627,{'name': 'Roundtable'}
Event 628,{'name': 'Talk'}
Event 629,{'name': 'Masterclass'}
Event 630,{'name': 'Workshop'}
Event 631,{'name': 'Workshop'}
Event 632,{'name': 'Workshop'}
Event 633,{'name': 'Roundtable'}
Event 634,{'name': 'Workshop'}
Event 635,{'name': 'Debate'}
Event 636,{'name': 'Masterclass'}
Event 637,{'name': 'Talk'}
Event 638,{'name': 'Talk'}
Event 639,{'name': 'Talk'}
Event 640,{'name': 'Talk'}
Event 641,{'name': 'Talk'}
Event 642,{'name': 'Workshop'}
Event 643,{'name': 'Roundtable'}
Event 644,{'name': 'Debate'}
Event 645,{'name': 'Roundtable'}
Event 646,{'name': 'Workshop'}
Event 647,{'name': 'Talk'}
Event 648,{'name': 'Talk'}
Event 649,{'name': 'Roundtable'}
Event 650,{'name': 'Masterclass'}
Event 651,{'name': 'Workshop'}
Event 652,{'name': 'Roundtable'}
Event 653,{'name': 'Masterclass'}
Event 654,{'name': 'Workshop'}
Event 655,{'name': 'Masterclass'}
Event 656,{'name': 'Workshop'}
Event 657,{'name': 'Workshop'}
Event 658,{'name': 'Talk'}
Event 659,{'name': 'Workshop'}
Event 660,{'name': 'Masterclass'}
Event 661,{'name': 'Workshop'}
Event 662,{'name': 'Roundtable'}
Event 663,{'name': 'Masterclass'}
Event 664,{'name': 'Workshop'}
Event 665,{'name': 'Talk'}
Event 666,{'name': 'Workshop'}
Event 667,{'name': 'Talk'}
Event 668,{'name': 'Roundtable'}
Event 669,{'name': 'Masterclass'}
Event 670,{'name': 'Masterclass'}
Event 671,{'name': 'Debate'}
Event 672,{'name': 'Talk'}
Event 673,{'name': 'Workshop'}
Event 674,{'name': 'Talk'}
Event 675,{'name': 'Debate'}
Event 676,{'name': 'Workshop'}
Event 677,{'name': 'Debate'}
Event 678,{'name': 'Debate'}
Event 679,{'name': 'Masterclass'}
Event 680,{'name': 'Debate'}
Event 681,{'name': 'Masterclass'}
Event 682,{'name': 'Debate'}
Event 683,{'name': 'Workshop'}
Event 684,{'name': 'Debate'}
Event 685,{'name': 'Masterclass'}
Event 686,{'name': 'Debate'}
Event 687,{'name': 'Debate'}
Event 688,{'name': 'Talk'}
Event 689,{'name': 'Roundtable'}
Event 690,{'name': 'Roundtable'}
Event 691,{'name': 'Debate'}
Event 692,{'name': 'Debate'}
Event 693,{'name': 'Roundtable'}
Event 694,{'name': 'Talk'}
Event 695,{'name': 'Masterclass'}
Event 696,{'name': 'Debate'}
Event 697,{'name': 'Masterclass'}
Event 698,{'name': 'Debate'}
Event 699,{'name': 'Masterclass'}
Event 700,{'name': 'Masterclass'}
Event 701,{'name': 'Workshop'}
Event 702,{'name': 'Masterclass'}
Event 703,{'name': 'Roundtable'}
Event 704,{'name': 'Masterclass'}
Event 705,{'name': 'Workshop'}
Event 706,{'name': 'Talk'}
Event 707,{'name': 'Talk'}
Event 708,{'name': 'Masterclass'}
Event 709,{'name': 'Workshop'}
Event 710,{'name': 'Roundtable'}
Event 711,{'name': 'Talk'}
Event 712,{'name': 'Masterclass'}
Event 713,{'name': 'Roundtable'}
Event 714,{'name': 'Workshop'}
Event 715,{'name': 'Talk'}
Event 716,{'name': 'Talk'}
Event 717,{'name': 'Debate'}
Event 718,{'name': 'Masterclass'}
Event 719,{'name': 'Debate'}
Event 720,{'name': 'Talk'}
Event 721,{'name': 'Masterclass'}
Event 722,{'name': 'Debate'}
Event 723,{'name': 'Roundtable'}
Event 724,{'name': 'Roundtable'}
Event 725,{'name': 'Roundtable'}
Event 726,{'name': 'Workshop'}
Event 727,{'name': 'Roundtable'}
Event 728,{'name': 'Workshop'}
Event 729,{'name': 'Roundtable'}
Event 730,{'name': 'Masterclass'}
Event 731,{'name': 'Debate'}
Event 732,{'name': 'Roundtable'}
Event 733,{'name': 'Workshop'}
Event 734,{'name': 'Debate'}
Event 735,{'name': 'Roundtable'}
Event 736,{'name': 'Masterclass'}
Event 737,{'name': 'Roundtable'}
Event 738,{'name': 'Masterclass'}
Event 739,{'name': 'Debate'}
Event 740,{'name': 'Workshop'}
Event 741,{'name': 'Roundtable'}
Event 742,{'name': 'Debate'}
Event 743,{'name': 'Debate'}
Event 744,{'name': 'Talk'}
Event 745,{'name': 'Workshop'}
Event 746,{'name': 'Debate'}
Event 747,{'name': 'Roundtable'}
Event 748,{'name': 'Roundtable'}
Event 749,{'name': 'Workshop'}
Event 750,{'name': 'Workshop'}
Event 751,{'name': 'Debate'}
Event 752,{'name': 'Debate'}
Event 753,{'name': 'Workshop'}
Event 754,{'name': 'Debate'}
Event 755,{'name': 'Masterclass'}
Event 756,{'name': 'Roundtable'}
Event 757,{'name': 'Masterclass'}
Event 758,{'name': 'Debate'}
Event 759,{'name': 'Workshop'}
Event 760,{'name': 'Masterclass'}
Event 761,{'name': 'Talk'}
Event 762,{'name': 'Roundtable'}
Event 763,{'name': 'Roundtable'}
Event 764,{'name': 'Talk'}
Event 765,{'name': 'Masterclass'}
Event 766,{'name': 'Talk'}
Event 767,{'name': 'Roundtable'}
Event 768,{'name': 'Roundtable'}
Event 769,{'name': 'Masterclass'}
Event 770,{'name': 'Roundtable'}
Event 771,{'name': 'Roundtable'}
Event 772,{'name': 'Workshop'}
Event 773,{'name': 'Masterclass'}
Event 774,{'name': 'Roundtable'}
Event 775,{'name': 'Masterclass'}
Event 776,{'name': 'Roundtable'}
Event 777,{'name': 'Roundtable'}
Event 778,{'name': 'Roundtable'}
Event 779,{'name': 'Masterclass'}
Event 780,{'name': 'Talk'}
Event 781,{'name': 'Talk'}
Event 782,{'name': 'Workshop'}
Event 783,{'name': 'Talk'}
Event 784,{'name': 'Workshop'}
Event 785,{'name': 'Workshop'}
Event 786,{'name': 'Talk'}
Event 787,{'name': 'Masterclass'}
Event 788,{'name': 'Talk'}
Event 789,{'name': 'Debate'}
Event 790,{'name': 'Talk'}
Event 791,{'name': 'Roundtable'}
Event 792,{'name': 'Workshop'}
Event 793,{'name': 'Masterclass'}
Event 794,{'name': 'Roundtable'}
Event 795,{'name': 'Roundtable'}
Event 796,{'name': 'Talk'}
Event 797,{'name': 'Talk'}
Event 798,{'name': 'Talk'}
Event 799,{'name': 'Roundtable'}
Event 800,{'name': 'Talk'}
Event 801,{'name': 'Talk'}
Event 802,{'name': 'Talk'}
Event 803,{'name': 'Workshop'}
Event 804,{'name': 'Talk'}
Event 805,{'name': 'Masterclass'}
Event 806,{'name': 'Workshop'}
Event 807,{'name': 'Debate'}
Event 808,{'name': 'Masterclass'}
Event 809,{'name': 'Roundtable'}
Event 810,{'name': 'Masterclass'}
Event 811,{'name': 'Masterclass'}
Event 812,{'name': 'Masterclass'}
Event 813,{'name': 'Talk'}
Event 814,{'name': 'Talk'}
Event 815,{'name': 'Masterclass'}
Event 816,{'name': 'Workshop'}
Event 817,{'name': 'Debate'}
Event 818,{'name': 'Workshop'}
Event 819,{'name': 'Masterclass'}
Event 820,{'name': 'Workshop'}
Event 821,{'name': 'Workshop'}
Event 822,{'name': 'Talk'}
Event 823,{'name': 'Roundtable'}
Event 824,{'name': 'Roundtable'}
Event 825,{'name': 'Talk'}
Event 826,{'name': 'Masterclass'}
Event 827,{'name': 'Workshop'}
Event 828,{'name': 'Talk'}
Event 829,{'name': 'Debate'}
Event 830,{'name': 'Workshop'}
Event 831,{'name': 'Workshop'}
Event 832,{'name': 'Talk'}
Event 833,{'name': 'Debate'}
Event 834,{'name': 'Workshop'}
Event 835,{'name': 'Roundtable'}
Event 836,{'name': 'Workshop'}
Event 837,{'name': 'Workshop'}
Event 838,{'name': 'Talk'}
Event 839,{'name': 'Workshop'}
Event 840,{'name': 'Talk'}
Event 841,{'name': 'Debate'}
Event 842,{'name': 'Masterclass'}
Event 843,{'name': 'Workshop'}
Event 844,{'name': 'Debate'}
Event 845,{'name': 'Talk'}
Event 846,{'name': 'Workshop'}
Event 847,{'name': 'Talk'}
Event 848,{'name': 'Debate'}
Event 849,{'name': 'Masterclass'}
Event 850,{'name': 'Debate'}
Event 851,{'name': 'Debate'}
Event 852,{'name': 'Debate'}
Event 853,{'name': 'Workshop'}
Event 854,{'name': 'Workshop'}
Event 855,{'name': 'Roundtable'}
Event 856,{'name': 'Workshop'}
Event 857,{'name': 'Debate'}
Event 858,{'name': 'Debate'}
Event 859,{'name': 'Talk'}
Event 860,{'name': 'Workshop'}
Event 861,{'name': 'Masterclass'}
Event 862,{'name': 'Talk'}
Event 863,{'name': 'Debate'}
Event 864,{'name': 'Debate'}
Event 865,{'name': 'Workshop'}
Event 866,{'name': 'Talk'}
Event 867,{'name': 'Talk'}
Event 868,{'name': 'Masterclass'}
Event 869,{'name': 'Masterclass'}
Event 870,{'name': 'Workshop'}
Event 871,{'name': 'Debate'}
Event 872,{'name': 'Debate'}
Event 873,{'name': 'Debate'}
Event 874,{'name': 'Debate'}
Event 875,{'name': 'Talk'}
Event 876,{'name': 'Workshop'}
Event 877,{'name': 'Roundtable'}
Event 878,{'name': 'Workshop'}
Event 879,{'name': 'Masterclass'}
Event 880,{'name': 'Roundtable'}
Event 881,{'name': 'Masterclass'}
Event 882,{'name': 'Roundtable'}
Event 883,{'name': 'Workshop'}
Event 884,{'name': 'Workshop'}
Event 885,{'name': 'Roundtable'}
Event 886,{'name': 'Roundtable'}
Event 887,{'name': 'Talk'}
Event 888,{'name': 'Workshop'}
Event 889,{'name': 'Masterclass'}
Event 890,{'name': 'Workshop'}
Event 891,{'name': 'Debate'}
Event 892,{'name': 'Roundtable'}
Event 893,{'name': 'Debate'}
Event 894,{'name': 'Workshop'}
Event 895,{'name': 'Debate'}
Event 896,{'name': 'Workshop'}
Event 897,{'name': 'Workshop'}
Event 898,{'name': 'Masterclass'}
Event 899,{'name': 'Roundtable'}
Event 900,{'name': 'Talk'}
Event 901,{'name': 'Workshop'}
Event 902,{'name': 'Roundtable'}
Event 903,{'name': 'Talk'}
Event 904,{'name': 'Roundtable'}
Event 905,{'name': 'Debate'}
Event 906,{'name': 'Debate'}
Event 907,{'name': 'Debate'}
Event 908,{'name': 'Masterclass'}
Event 909,{'name': 'Masterclass'}
Event 910,{'name': 'Masterclass'}
Event 911,{'name': 'Debate'}
Event 912,{'name': 'Talk'}
Event 913,{'name': 'Workshop'}
Event 914,{'name': 'Workshop'}
Event 915,{'name': 'Debate'}
Event 916,{'name': 'Workshop'}
Event 917,{'name': 'Workshop'}
Event 918,{'name': 'Roundtable'}
Event 919,{'name': 'Roundtable'}
Event 920,{'name': 'Talk'}
Event 921,{'name': 'Masterclass'}
Event 922,{'name': 'Masterclass'}
Event 923,{'name': 'Debate'}
Event 924,{'name': 'Masterclass'}
Event 925,{'name': 'Roundtable'}
Event 926,{'name': 'Masterclass'}
Event 927,{'name': 'Debate'}
Event 928,{'name': 'Debate'}
Event 929,{'name': 'Talk'}
Event 930,{'name': 'Masterclass'}
Event 931,{'name': 'Masterclass'}
Event 932,{'name': 'Masterclass'}
Event 933,{'name': 'Debate'}
Event 934,{'name': 'Talk'}
Event 935,{'name': 'Roundtable'}
Event 936,{'name': 'Talk'}
Event 937,{'name': 'Roundtable'}
Event 938,{'name': 'Workshop'}
Event 939,{'name': 'Debate'}
Event 940,{'name': 'Masterclass'}
Event 941,{'name': 'Debate'}
Event 942,{'name': 'Roundtable'}
Event 943,{'name': 'Roundtable'}
Event 944,{'name': 'Debate'}
Event 945,{'name': 'Talk'}
Event 946,{'name': 'Workshop'}
Event 947,{'name': 'Talk'}
Event 948,{'name': 'Workshop'}
Event 949,{'name': 'Talk'}
Event 950,{'name': 'Workshop'}
Event 951,{'name': 'Debate'}
Event 952,{'name': 'Masterclass'}
Event 953,{'name': 'Debate'}
Event 954,{'name': 'Talk'}
Event 955,{'name': 'Talk'}
Event 956,{'name': 'Debate'}
Event 957,{'name': 'Masterclass'}
Event 958,{'name': 'Talk'}
Event 959,{'name': 'Debate'}
Event 960,{'name': 'Masterclass'}
Event 961,{'name': 'Debate'}
Event 962,{'name': 'Workshop'}
Event 963,{'name': 'Workshop'}
Event 964,{'name': 'Workshop'}
Event 965,{'name': 'Talk'}
Event 966,{'name': 'Roundtable'}
Event 967,{'name': 'Roundtable'}
Event 968,{'name': 'Roundtable'}
Event 969,{'name': 'Workshop'}
Event 970,{'name': 'Roundtable'}
Event 971,{'name': 'Workshop'}
Event 972,{'name': 'Talk'}
Event 973,{'name': 'Workshop'}
Event 974,{'name': 'Masterclass'}
Event 975,{'name': 'Roundtable'}
Event 976,{'name': 'Debate'}
Event 977,{'name': 'Debate'}
Event 978,{'name': 'Talk'}
Event 979,{'name': 'Workshop'}
Event 980,{'name': 'Debate'}
Event 981,{'name': 'Roundtable'}
Event 982,{'name': 'Workshop'}
Event 983,{'name': 'Roundtable'}
Event 984,{'name': 'Talk'}
Event 985,{'name': 'Masterclass'}
Event 986,{'name': 'Talk'}
Event 987,{'name': 'Talk'}
Event 988,{'name': 'Debate'}
Event 989,{'name': 'Roundtable'}
Event 990,{'name': 'Debate'}
Event 991,{'name': 'Workshop'}
Event 992,{'name': 'Debate'}
Event 993,{'name': 'Masterclass'}
Event 994,{'name': 'Roundtable'}
Event 995,{'name': 'Masterclass'}
Event 996,{'name': 'Masterclass'}
Event 997,{'name': 'Workshop'}
Event 998,{'name': 'Debate'}
Event 999,{'name': 'Masterclass'}
Event 1000,{'name': 'Debate'}
Event 1001,{'name': 'Roundtable'}
Event 1002,{'name': 'Debate'}
Event 1003,{'name': 'Debate'}
Event 1004,{'name': 'Talk'}
Event 1005,{'name': 'Roundtable'}
Event 1006,{'name': 'Workshop'}
Event 1007,{'name': 'Masterclass'}
Event 1008,{'name': 'Masterclass'}
Event 1009,{'name': 'Debate'}
Event 1010,{'name': 'Talk'}
Event 1011,{'name': 'Talk'}
Event 1012,{'name': 'Debate'}
Event 1013,{'name': 'Masterclass'}
Event 1014,{'name': 'Workshop'}
Event 1015,{'name': 'Talk'}
Event 1016,{'name': 'Roundtable'}
Event 1017,{'name': 'Talk'}
Event 1018,{'name': 'Talk'}
Event 1019,{'name': 'Masterclass'}
Event 1020,{'name': 'Debate'}
Event 1021,{'name': 'Roundtable'}
Event 1022,{'name': 'Masterclass'}
Event 1023,{'name': 'Workshop'}
Event 1024,{'name': 'Workshop'}
Event 1025,{'name': 'Workshop'}
Event 1026,{'name': 'Masterclass'}
Event 1027,{'name': 'Roundtable'}
Event 1028,{'name': 'Roundtable'}
Event 1029,{'name': 'Roundtable'}
Event 1030,{'name': 'Debate'}
Event 1031,{'name': 'Masterclass'}
Event 1032,{'name': 'Debate'}
Event 1033,{'name': 'Roundtable'}
Event 1034,{'name': 'Workshop'}
Event 1035,{'name': 'Workshop'}
Event 1036,{'name': 'Masterclass'}
Event 1037,{'name': 'Talk'}
Event 1038,{'name': 'Roundtable'}
Event 1039,{'name': 'Talk'}
Event 1040,{'name': 'Workshop'}
Event 1041,{'name': 'Masterclass'}
Event 1042,{'name': 'Talk'}
Event 1043,{'name': 'Roundtable'}
Event 1044,{'name': 'Workshop'}
Event 1045,{'name': 'Masterclass'}
Event 1046,{'name': 'Debate'}
Event 1047,{'name': 'Talk'}
Event 1048,{'name': 'Workshop'}
Event 1049,{'name': 'Workshop'}
Event 1050,{'name': 'Talk'}
Event 1051,{'name': 'Workshop'}
Event 1052,{'name': 'Talk'}
Event 1053,{'name': 'Debate'}
Event 1054,{'name': 'Roundtable'}
Event 1055,{'name': 'Workshop'}
Event 1056,{'name': 'Masterclass'}
Event 1057,{'name': 'Masterclass'}
Event 1058,{'name': 'Masterclass'}
Event 1059,{'name': 'Debate'}
Event 1060,{'name': 'Roundtable'}
Event 1061,{'name': 'Debate'}
Event 1062,{'name': 'Masterclass'}
Event 1063,{'name': 'Workshop'}
Event 1064,{'name': 'Roundtable'}
Event 1065,{'name': 'Masterclass'}
Event 1066,{'name': 'Talk'}
Event 1067,{'name': 'Masterclass'}
Event 1068,{'name': 'Workshop'}
Event 1069,{'name': 'Masterclass'}
Event 1070,{'name': 'Workshop'}
Event 1071,{'name': 'Workshop'}
Event 1072,{'name': 'Roundtable'}
Event 1073,{'name': 'Masterclass'}
Event 1074,{'name': 'Masterclass'}
Event 1075,{'name': 'Talk'}
Event 1076,{'name': 'Talk'}
Event 1077,{'name': 'Talk'}
Event 1078,{'name': 'Workshop'}
Event 1079,{'name': 'Roundtable'}
Event 1080,{'name': 'Masterclass'}
Event 1081,{'name': 'Talk'}
Event 1082,{'name': 'Workshop'}
Event 1083,{'name': 'Roundtable'}
Event 1084,{'name': 'Masterclass'}
Event 1085,{'name': 'Debate'}
Event 1086,{'name': 'Workshop'}
Event 1087,{'name': 'Workshop'}
Event 1088,{'name': 'Workshop'}
Event 1089,{'name': 'Masterclass'}
Event 1090,{'name': 'Talk'}
Event 1091,{'name': 'Masterclass'}
Event 1092,{'name': 'Talk'}
Event 1093,{'name': 'Masterclass'}
Event 1094,{'name': 'Workshop'}
Event 1095,{'name': 'Roundtable'}
Event 1096,{'name': 'Roundtable'}
Event 1097,{'name': 'Workshop'}
Event 1098,{'name': 'Roundtable'}
Event 1099,{'name': 'Workshop'}
Event 1100,{'name': 'Workshop'}
Event 1101,{'name': 'Roundtable'}
Event 1102,{'name': 'Talk'}
Event 1103,{'name': 'Roundtable'}
Event 1104,{'name': 'Workshop'}
Event 1105,{'name': 'Talk'}
Event 1106,{'name': 'Talk'}
Event 1107,{'name': 'Workshop'}
Event 1108,{'name': 'Workshop'}
Event 1109,{'name': 'Workshop'}
Event 1110,{'name': 'Workshop'}
Event 1111,{'name': 'Masterclass'}
Event 1112,{'name': 'Debate'}
Event 1113,{'name': 'Debate'}
Event 1114,{'name': 'Workshop'}
Event 1115,{'name': 'Talk'}
Event 1116,{'name': 'Masterclass'}
Event 1117,{'name': 'Debate'}
Event 1118,{'name': 'Workshop'}
Event 1119,{'name': 'Debate'}
Event 1120,{'name': 'Debate'}
Event 1121,{'name': 'Masterclass'}
Event 1122,{'name': 'Masterclass'}
Event 1123,{'name': 'Debate'}
Event 1124,{'name': 'Roundtable'}
Event 1125,{'name': 'Workshop'}
Event 1126,{'name': 'Roundtable'}
Event 1127,{'name': 'Workshop'}
Event 1128,{'name': 'Talk'}
Event 1129,{'name': 'Masterclass'}
Event 1130,{'name': 'Masterclass'}
Event 1131,{'name': 'Talk'}
Event 1132,{'name': 'Workshop'}
Event 1133,{'name': 'Masterclass'}
Event 1134,{'name': 'Roundtable'}
Event 1135,{'name': 'Masterclass'}
Event 1136,{'name': 'Debate'}
Event 1137,{'name': 'Workshop'}
Event 1138,{'name': 'Talk'}
Event 1139,{'name': 'Workshop'}
Event 1140,{'name': 'Masterclass'}
Event 1141,{'name': 'Debate'}
Event 1142,{'name': 'Roundtable'}
Event 1143,{'name': 'Workshop'}
Event 1144,{'name': 'Roundtable'}
Event 1145,{'name': 'Workshop'}
Event 1146,{'name': 'Roundtable'}
Event 1147,{'name': 'Talk'}
Event 1148,{'name': 'Debate'}
Event 1149,{'name': 'Talk'}
Event 1150,{'name': 'Masterclass'}
Event 1151,{'name': 'Talk'}
Event 1152,{'name': 'Debate'}
Event 1153,{'name': 'Workshop'}
Event 1154,{'name': 'Roundtable'}
Event 1155,{'name': 'Masterclass'}
Event 1156,{'name': 'Masterclass'}
Event 1157,{'name': 'Debate'}
Event 1158,{'name': 'Debate'}
Event 1159,{'name': 'Roundtable'}
Event 1160,{'name': 'Masterclass'}
Event 1161,{'name': 'Masterclass'}
Event 1162,{'name': 'Talk'}
Event 1163,{'name': 'Debate'}
Event 1164,{'name': 'Masterclass'}
Event 1165,{'name': 'Roundtable'}
Event 1166,{'name': 'Debate'}
Event 1167,{'name': 'Debate'}
Event 1168,{'name': 'Talk'}
Event 1169,{'name': 'Masterclass'}
Event 1170,{'name': 'Talk'}
Event 1171,{'name': 'Workshop'}
Event 1172,{'name': 'Workshop'}
Event 1173,{'name': 'Masterclass'}
Event 1174,{'name': 'Talk'}
Event 1175,{'name': 'Workshop'}
Event 1176,{'name': 'Debate'}
Event 1177,{'name': 'Roundtable'}
Event 1178,{'name': 'Talk'}
Event 1179,{'name': 'Debate'}
Event 1180,{'name': 'Debate'}
Event 1181,{'name': 'Talk'}
Event 1182,{'name': 'Workshop'}
Event 1183,{'name': 'Talk'}
Event 1184,{'name': 'Debate'}
Event 1185,{'name': 'Talk'}
Event 1186,{'name': 'Masterclass'}
Event 1187,{'name': 'Workshop'}
Event 1188,{'name': 'Roundtable'}
Event 1189,{'name': 'Roundtable'}
Event 1190,{'name': 'Debate'}
Event 1191,{'name': 'Talk'}
Event 1192,{'name': 'Workshop'}
Event 1193,{'name': 'Masterclass'}
Event 1194,{'name': 'Talk'}
Event 1195,{'name': 'Workshop'}
Event 1196,{'name': 'Masterclass'}
Event 1197,{'name': 'Debate'}
Event 1198,{'name': 'Roundtable'}
Event 1199,{'name': 'Talk'}
Event 1200,{'name': 'Roundtable'}
Event 1201,{'name': 'Masterclass'}
Event 1202,{'name': 'Talk'}
Event 1203,{'name': 'Workshop'}
Event 1204,{'name': 'Masterclass'}
Event 1205,{'name': 'Talk'}
Event 1206,{'name': 'Masterclass'}
Event 1207,{'name': 'Workshop'}
Event 1208,{'name': 'Masterclass'}
Event 1209,{'name': 'Talk'}
Event 1210,{'name': 'Talk'}
Event 1211,{'name': 'Workshop'}
Event 1212,{'name': 'Roundtable'}
Event 1213,{'name': 'Workshop'}
Event 1214,{'name': 'Workshop'}
Event 1215,{'name': 'Roundtable'}
Event 1216,{'name': 'Talk'}
Event 1217,{'name': 'Masterclass'}
Event 1218,{'name': 'Workshop'}
Event 1219,{'name': 'Workshop'}
Event 1220,{'name': 'Workshop'}
Event 1221,{'name': 'Masterclass'}
Event 1222,{'name': 'Roundtable'}
Event 1223,{'name': 'Workshop'}
Event 1224,{'name': 'Workshop'}
Event 1225,{'name': 'Roundtable'}
Event 1226,{'name': 'Workshop'}
Event 1227,{'name': 'Talk'}
Event 1228,{'name': 'Masterclass'}
Event 1229,{'name': 'Workshop'}
Event 1230,{'name': 'Workshop'}
Event 1231,{'name': 'Debate'}
Event 1232,{'name': 'Workshop'}
Event 1233,{'name': 'Masterclass'}
Event 1234,{'name': 'Debate'}
Event 1235,{'name': 'Workshop'}
Event 1236,{'name': 'Talk'}
Event 1237,{'name': 'Workshop'}
Event 1238,{'name': 'Workshop'}
Event 1239,{'name': 'Talk'}
Event 1240,{'name': 'Debate'}
Event 1241,{'name': 'Roundtable'}
Event 1242,{'name': 'Talk'}
Event 1243,{'name': 'Masterclass'}
Event 1244,{'name': 'Masterclass'}
Event 1245,{'name': 'Workshop'}
Event 1246,{'name': 'Workshop'}
Event 1247,{'name': 'Debate'}
Event 1248,{'name': 'Roundtable'}
Event 1249,{'name': 'Talk'}
Event 1250,{'name': 'Debate'}
Event 1251,{'name': 'Debate'}
Event 1252,{'name': 'Talk'}
Event 1253,{'name': 'Workshop'}
Event 1254,{'name': 'Masterclass'}
Event 1255,{'name': 'Talk'}
Event 1256,{'name': 'Debate'}
Event 1257,{'name': 'Roundtable'}
Event 1258,{'name': 'Debate'}
Event 1259,{'name': 'Workshop'}
Event 1260,{'name': 'Roundtable'}
Event 1261,{'name': 'Talk'}
Event 1262,{'name': 'Debate'}
Event 1263,{'name': 'Roundtable'}
Event 1264,{'name': 'Workshop'}
Event 1265,{'name': 'Masterclass'}
Event 1266,{'name': 'Masterclass'}
Event 1267,{'name': 'Roundtable'}
Event 1268,{'name': 'Workshop'}
Event 1269,{'name': 'Talk'}
Event 1270,{'name': 'Roundtable'}
Event 1271,{'name': 'Roundtable'}
Event 1272,{'name': 'Debate'}
Event 1273,{'name': 'Roundtable'}
Event 1274,{'name': 'Talk'}
Event 1275,{'name': 'Masterclass'}
Event 1276,{'name': 'Debate'}
Event 1277,{'name': 'Debate'}
Event 1278,{'name': 'Debate'}
Event 1279,{'name': 'Workshop'}
Event 1280,{'name': 'Talk'}
Event 1281,{'name': 'Talk'}
Event 1282,{'name': 'Debate'}
Event 1283,{'name': 'Masterclass'}
Event 1284,{'name': 'Roundtable'}
Event 1285,{'name': 'Workshop'}
Event 1286,{'name': 'Workshop'}
Event 1287,{'name': 'Masterclass'}
Event 1288,{'name': 'Masterclass'}
Event 1289,{'name': 'Workshop'}
Event 1290,{'name': 'Roundtable'}
Event 1291,{'name': 'Workshop'}
Event 1292,{'name': 'Workshop'}
Event 1293,{'name': 'Talk'}
Event 1294,{'name': 'Debate'}
Event 1295,{'name': 'Roundtable'}
Event 1296,{'name': 'Talk'}
Event 1297,{'name': 'Masterclass'}
Event 1298,{'name': 'Debate'}
Event 1299,{'name': 'Masterclass'}
Event 1300,{'name': 'Debate'}
Event 1301,{'name': 'Workshop'}
Event 1302,{'name': 'Masterclass'}
Event 1303,{'name': 'Debate'}
Event 1304,{'name': 'Talk'}
Event 1305,{'name': 'Masterclass'}
Event 1306,{'name': 'Debate'}
Event 1307,{'name': 'Debate'}
Event 1308,{'name': 'Masterclass'}
Event 1309,{'name': 'Roundtable'}
Event 1310,{'name': 'Debate'}
Event 1311,{'name': 'Debate'}
Event 1312,{'name': 'Roundtable'}
Event 1313,{'name': 'Workshop'}
Event 1314,{'name': 'Debate'}
Event 1315,{'name': 'Talk'}
Event 1316,{'name': 'Debate'}
Event 1317,{'name': 'Workshop'}
Event 1318,{'name': 'Workshop'}
Event 1319,{'name': 'Roundtable'}
Event 1320,{'name': 'Masterclass'}
Event 1321,{'name': 'Debate'}
Event 1322,{'name': 'Debate'}
Event 1323,{'name': 'Talk'}
Event 1324,{'name': 'Debate'}
Event 1325,{'name': 'Workshop'}
Event 1326,{'name': 'Debate'}
Event 1327,{'name': 'Debate'}
Event 1328,{'name': 'Masterclass'}
Event 1329,{'name': 'Debate'}
Event 1330,{'name': 'Workshop'}
Event 1331,{'name': 'Masterclass'}
Event 1332,{'name': 'Debate'}
Event 1333,{'name': 'Talk'}
Event 1334,{'name': 'Debate'}
Event 1335,{'name': 'Debate'}
Event 1336,{'name': 'Roundtable'}
Event 1337,{'name': 'Talk'}
Event 1338,{'name': 'Roundtable'}
Event 1339,{'name': 'Talk'}
Event 1340,{'name': 'Talk'}
Event 1341,{'name': 'Workshop'}
Event 1342,{'name': 'Talk'}
Event 1343,{'name': 'Masterclass'}
Event 1344,{'name': 'Masterclass'}
Event 1345,{'name': 'Roundtable'}
Event 1346,{'name': 'Talk'}
Event 1347,{'name': 'Workshop'}
Event 1348,{'name': 'Roundtable'}
Event 1349,{'name': 'Masterclass'}
Event 1350,{'name': 'Masterclass'}
Event 1351,{'name': 'Masterclass'}
Event 1352,{'name': 'Debate'}
Event 1353,{'name': 'Masterclass'}
Event 1354,{'name': 'Roundtable'}
Event 1355,{'name': 'Talk'}
Event 1356,{'name': 'Masterclass'}
Event 1357,{'name': 'Debate'}
Event 1358,{'name': 'Workshop'}
Event 1359,{'name': 'Talk'}
Event 1360,{'name': 'Workshop'}
Event 1361,{'name': 'Debate'}
Event 1362,{'name': 'Roundtable'}
Event 1363,{'name': 'Workshop'}
Event 1364,{'name': 'Talk'}
Event 1365,{'name': 'Roundtable'}
Event 1366,{'name': 'Roundtable'}
Event 1367,{'name': 'Talk'}
Event 1368,{'name': 'Talk'}
Event 1369,{'name': 'Roundtable'}
Event 1370,{'name': 'Roundtable'}
Event 1371,{'name': 'Talk'}
Event 1372,{'name': 'Talk'}
Event 1373,{'name': 'Roundtable'}
Event 1374,{'name': 'Talk'}
Event 1375,{'name': 'Talk'}
Event 1376,{'name': 'Debate'}
Event 1377,{'name': 'Workshop'}
Event 1378,{'name': 'Roundtable'}
Event 1379,{'name': 'Workshop'}
Event 1380,{'name': 'Workshop'}
Event 1381,{'name': 'Debate'}
Event 1382,{'name': 'Workshop'}
Event 1383,{'name': 'Talk'}
Event 1384,{'name': 'Talk'}
Event 1385,{'name': 'Workshop'}
Event 1386,{'name': 'Masterclass'}
Event 1387,{'name': 'Workshop'}
Event 1388,{'name': 'Masterclass'}
Event 1389,{'name': 'Talk'}
Event 1390,{'name': 'Roundtable'}
Event 1391,{'name': 'Workshop'}
Event 1392,{'name': 'Talk'}
Event 1393,{'name': 'Talk'}
Event 1394,{'name': 'Talk'}
Event 1395,{'name': 'Workshop'}
Event 1396,{'name': 'Talk'}
Event 1397,{'name': 'Debate'}
Event 1398,{'name': 'Talk'}
Event 1399,{'name': 'Debate'}
Event 1400,{'name': 'Debate'}
Event 1401,{'name': 'Debate'}
Event 1402,{'name': 'Talk'}
Event 1403,{'name': 'Masterclass'}
Event 1404,{'name': 'Talk'}
Event 1405,{'name': 'Masterclass'}
Event 1406,{'name': 'Masterclass'}
Event 1407,{'name': 'Workshop'}
Event 1408,{'name': 'Workshop'}
Event 1409,{'name': 'Workshop'}
Event 1410,{'name': 'Workshop'}
Event 1411,{'name': 'Workshop'}
Event 1412,{'name': 'Debate'}
Event 1413,{'name': 'Talk'}
Event 1414,{'name': 'Masterclass'}
Event 1415,{'name': 'Roundtable'}
Event 1416,{'name': 'Masterclass'}
Event 1417,{'name': 'Talk'}
Event 1418,{'name': 'Talk'}
Event 1419,{'name': 'Debate'}
Event 1420,{'name': 'Talk'}
Event 1421,{'name': 'Masterclass'}
Event 1422,{'name': 'Talk'}
Event 1423,{'name': 'Workshop'}
Event 1424,{'name': 'Roundtable'}
Event 1425,{'name': 'Masterclass'}
Event 1426,{'name': 'Masterclass'}
Event 1427,{'name': 'Debate'}
Event 1428,{'name': 'Talk'}
Event 1429,{'name': 'Debate'}
Event 1430,{'name': 'Debate'}
Event 1431,{'name': 'Masterclass'}
Event 1432,{'name': 'Workshop'}
Event 1433,{'name': 'Masterclass'}
Event 1434,{'name': 'Talk'}
Event 1435,{'name': 'Debate'}
Event 1436,{'name': 'Talk'}
Event 1437,{'name': 'Masterclass'}
Event 1438,{'name': 'Workshop'}
Event 1439,{'name': 'Talk'}
Event 1440,{'name': 'Masterclass'}
Event 1441,{'name': 'Talk'}
Event 1442,{'name': 'Roundtable'}
Event 1443,{'name': 'Roundtable'}
Event 1444,{'name': 'Talk'}
Event 1445,{'name': 'Roundtable'}
Event 1446,{'name': 'Workshop'}
Event 1447,{'name': 'Workshop'}
Event 1448,{'name': 'Roundtable'}
Event 1449,{'name': 'Talk'}
Event 1450,{'name': 'Talk'}
Event 1451,{'name': 'Debate'}
Event 1452,{'name': 'Workshop'}
Event 1453,{'name': 'Masterclass'}
Event 1454,{'name': 'Workshop'}
Event 1455,{'name': 'Workshop'}
Event 1456,{'name': 'Roundtable'}
Event 1457,{'name': 'Masterclass'}
Event 1458,{'name': 'Masterclass'}
Event 1459,{'name': 'Roundtable'}
Event 1460,{'name': 'Talk'}
Event 1461,{'name': 'Talk'}
Event 1462,{'name': 'Workshop'}
Event 1463,{'name': 'Talk'}
Event 1464,{'name': 'Roundtable'}
Event 1465,{'name': 'Roundtable'}
Event 1466,{'name': 'Workshop'}
Event 1467,{'name': 'Roundtable'}
Event 1468,{'name': 'Debate'}
Event 1469,{'name': 'Workshop'}
Event 1470,{'name': 'Talk'}
Event 1471,{'name': 'Debate'}
Event 1472,{'name': 'Debate'}
Event 1473,{'name': 'Talk'}
Event 1474,{'name': 'Masterclass'}
Event 1475,{'name': 'Talk'}
Event 1476,{'name': 'Debate'}
Event 1477,{'name': 'Talk'}
Event 1478,{'name': 'Workshop'}
Event 1479,{'name': 'Talk'}
Event 1480,{'name': 'Talk'}
Event 1481,{'name': 'Debate'}
Event 1482,{'name': 'Masterclass'}
Event 1483,{'name': 'Talk'}
Event 1484,{'name': 'Workshop'}
Event 1485,{'name': 'Debate'}
Event 1486,{'name': 'Workshop'}
Event 1487,{'name': 'Roundtable'}
Event 1488,{'name': 'Workshop'}
Event 1489,{'name': 'Roundtable'}
Event 1490,{'name': 'Roundtable'}
Event 1491,{'name': 'Talk'}
Event 1492,{'name': 'Masterclass'}
Event 1493,{'name': 'Workshop'}
Event 1494,{'name': 'Talk'}
Event 1495,{'name': 'Debate'}
Event 1496,{'name': 'Debate'}
Event 1497,{'name': 'Workshop'}
Event 1498,{'name': 'Debate'}
Event 1499,{'name': 'Roundtable'}
Event 1500,{'name': 'Workshop'}
Event 1501,{'name': 'Roundtable'}
Event 1502,{'name': 'Masterclass'}
Event 1503,{'name': 'Roundtable'}
Event 1504,{'name': 'Debate'}
Event 1505,{'name': 'Roundtable'}
Event 1506,{'name': 'Masterclass'}
Event 1507,{'name': 'Roundtable'}
Event 1508,{'name': 'Masterclass'}
Event 1509,{'name': 'Roundtable'}
Event 1510,{'name': 'Masterclass'}
Event 1511,{'name': 'Workshop'}
Event 1512,{'name': 'Debate'}
Event 1513,{'name': 'Roundtable'}
Event 1514,{'name': 'Talk'}
Event 1515,{'name': 'Masterclass'}
Event 1516,{'name': 'Debate'}
Event 1517,{'name': 'Talk'}
Event 1518,{'name': 'Masterclass'}
Event 1519,{'name': 'Workshop'}
Event 1520,{'name': 'Talk'}
Event 1521,{'name': 'Roundtable'}
Event 1522,{'name': 'Workshop'}
Event 1523,{'name': 'Talk'}
Event 1524,{'name': 'Masterclass'}
Event 1525,{'name': 'Masterclass'}
Event 1526,{'name': 'Talk'}
Event 1527,{'name': 'Roundtable'}
Event 1528,{'name': 'Masterclass'}
Event 1529,{'name': 'Workshop'}
Event 1530,{'name': 'Roundtable'}
Event 1531,{'name': 'Masterclass'}
Event 1532,{'name': 'Debate'}
Event 1533,{'name': 'Debate'}
Event 1534,{'name': 'Workshop'}
Event 1535,{'name': 'Talk'}
Event 1536,{'name': 'Debate'}
Event 1537,{'name': 'Workshop'}
Event 1538,{'name': 'Roundtable'}
Event 1539,{'name': 'Debate'}
Event 1540,{'name': 'Debate'}
Event 1541,{'name': 'Roundtable'}
Event 1542,{'name': 'Masterclass'}
Event 1543,{'name': 'Masterclass'}
Event 1544,{'name': 'Workshop'}
Event 1545,{'name': 'Roundtable'}
Event 1546,{'name': 'Talk'}
Event 1547,{'name': 'Roundtable'}
Event 1548,{'name': 'Debate'}
Event 1549,{'name': 'Workshop'}
Event 1550,{'name': 'Masterclass'}
Event 1551,{'name': 'Roundtable'}
Event 1552,{'name': 'Workshop'}
Event 1553,{'name': 'Roundtable'}
Event 1554,{'name': 'Masterclass'}
Event 1555,{'name': 'Talk'}
Event 1556,{'name': 'Masterclass'}
Event 1557,{'name': 'Roundtable'}
Event 1558,{'name': 'Talk'}
Event 1559,{'name': 'Roundtable'}
Event 1560,{'name': 'Talk'}
Event 1561,{'name': 'Talk'}
Event 1562,{'name': 'Roundtable'}
Event 1563,{'name': 'Roundtable'}
Event 1564,{'name': 'Talk'}
Event 1565,{'name': 'Debate'}
Event 1566,{'name': 'Masterclass'}
Event 1567,{'name': 'Workshop'}
Event 1568,{'name': 'Roundtable'}
Event 1569,{'name': 'Masterclass'}
Event 1570,{'name': 'Masterclass'}
Event 1571,{'name': 'Workshop'}
Event 1572,{'name': 'Workshop'}
Event 1573,{'name': 'Masterclass'}
Event 1574,{'name': 'Debate'}
Event 1575,{'name': 'Roundtable'}
Event 1576,{'name': 'Debate'}
Event 1577,{'name': 'Talk'}
Event 1578,{'name': 'Masterclass'}
Event 1579,{'name': 'Talk'}
Event 1580,{'name': 'Roundtable'}
Event 1581,{'name': 'Roundtable'}
Event 1582,{'name': 'Workshop'}
Event 1583,{'name': 'Roundtable'}
Event 1584,{'name': 'Talk'}
Event 1585,{'name': 'Talk'}
Event 1586,{'name': 'Workshop'}
Event 1587,{'name': 'Debate'}
Event 1588,{'name': 'Debate'}
Event 1589,{'name': 'Masterclass'}
Event 1590,{'name': 'Masterclass'}
Event 1591,{'name': 'Talk'}
Event 1592,{'name': 'Masterclass'}
Event 1593,{'name': 'Workshop'}
Event 1594,{'name': 'Masterclass'}
Event 1595,{'name': 'Talk'}
Event 1596,{'name': 'Talk'}
Event 1597,{'name': 'Masterclass'}
Event 1598,{'name': 'Masterclass'}
Event 1599,{'name': 'Workshop'}
Event 1600,{'name': 'Workshop'}
Event 1601,{'name': 'Workshop'}
Event 1602,{'name': 'Debate'}
Event 1603,{'name': 'Roundtable'}
Event 1604,{'name': 'Roundtable'}
Event 1605,{'name': 'Debate'}
Event 1606,{'name': 'Masterclass'}
Event 1607,{'name': 'Workshop'}
Event 1608,{'name': 'Talk'}
Event 1609,{'name': 'Masterclass'}
Event 1610,{'name': 'Debate'}
Event 1611,{'name': 'Debate'}
Event 1612,{'name': 'Debate'}
Event 1613,{'name': 'Debate'}
Event 1614,{'name': 'Debate'}
Event 1615,{'name': 'Masterclass'}
Event 1616,{'name': 'Workshop'}
Event 1617,{'name': 'Masterclass'}
Event 1618,{'name': 'Roundtable'}
Event 1619,{'name': 'Masterclass'}
Event 1620,{'name': 'Masterclass'}
Event 1621,{'name': 'Workshop'}
Event 1622,{'name': 'Masterclass'}
Event 1623,{'name': 'Workshop'}
Event 1624,{'name': 'Workshop'}
Event 1625,{'name': 'Debate'}
Event 1626,{'name': 'Workshop'}
Event 1627,{'name': 'Masterclass'}
Event 1628,{'name': 'Talk'}
Event 1629,{'name': 'Workshop'}
Event 1630,{'name': 'Workshop'}
Event 1631,{'name': 'Workshop'}
Event 1632,{'name': 'Talk'}
Event 1633,{'name': 'Masterclass'}
Event 1634,{'name': 'Debate'}
Event 1635,{'name': 'Roundtable'}
Event 1636,{'name': 'Debate'}
Event 1637,{'name': 'Talk'}
Event 1638,{'name': 'Masterclass'}
Event 1639,{'name': 'Roundtable'}
Event 1640,{'name': 'Roundtable'}
Event 1641,{'name': 'Roundtable'}
Event 1642,{'name': 'Roundtable'}
Event 1643,{'name': 'Talk'}
Event 1644,{'name': 'Debate'}
Event 1645,{'name': 'Talk'}
Event 1646,{'name': 'Debate'}
Event 1647,{'name': 'Talk'}
Event 1648,{'name': 'Talk'}
Event 1649,{'name': 'Workshop'}
Event 1650,{'name': 'Talk'}
Event 1651,{'name': 'Talk'}
Event 1652,{'name': 'Talk'}
Event 1653,{'name': 'Debate'}
Event 1654,{'name': 'Masterclass'}
Event 1655,{'name': 'Roundtable'}
Event 1656,{'name': 'Debate'}
Event 1657,{'name': 'Workshop'}
Event 1658,{'name': 'Debate'}
Event 1659,{'name': 'Workshop'}
Event 1660,{'name': 'Roundtable'}
Event 1661,{'name': 'Debate'}
Event 1662,{'name': 'Talk'}
Event 1663,{'name': 'Masterclass'}
Event 1664,{'name': 'Workshop'}
Event 1665,{'name': 'Debate'}
Event 1666,{'name': 'Debate'}
Event 1667,{'name': 'Roundtable'}
Event 1668,{'name': 'Debate'}
Event 1669,{'name': 'Roundtable'}
Event 1670,{'name': 'Masterclass'}
Event 1671,{'name': 'Roundtable'}
Event 1672,{'name': 'Workshop'}
Event 1673,{'name': 'Masterclass'}
Event 1674,{'name': 'Roundtable'}
Event 1675,{'name': 'Workshop'}
Event 1676,{'name': 'Roundtable'}
Event 1677,{'name': 'Workshop'}
Event 1678,{'name': 'Masterclass'}
Event 1679,{'name': 'Talk'}
Event 1680,{'name': 'Talk'}
Event 1681,{'name': 'Debate'}
Event 1682,{'name': 'Debate'}
Event 1683,{'name': 'Debate'}
Event 1684,{'name': 'Debate'}
Event 1685,{'name': 'Workshop'}
Event 1686,{'name': 'Roundtable'}
Event 1687,{'name': 'Masterclass'}
Event 1688,{'name': 'Talk'}
Event 1689,{'name': 'Roundtable'}
Event 1690,{'name': 'Workshop'}
Event 1691,{'name': 'Roundtable'}
Event 1692,{'name': 'Masterclass'}
Event 1693,{'name': 'Talk'}
Event 1694,{'name': 'Roundtable'}
Event 1695,{'name': 'Workshop'}
Event 1696,{'name': 'Roundtable'}
Event 1697,{'name': 'Masterclass'}
Event 1698,{'name': 'Debate'}
Event 1699,{'name': 'Workshop'}
Event 1700,{'name': 'Workshop'}
Event 1701,{'name': 'Talk'}
Event 1702,{'name': 'Masterclass'}
Event 1703,{'name': 'Debate'}
Event 1704,{'name': 'Roundtable'}
Event 1705,{'name': 'Roundtable'}
Event 1706,{'name': 'Workshop'}
Event 1707,{'name': 'Masterclass'}
Event 1708,{'name': 'Debate'}
Event 1709,{'name': 'Talk'}
Event 1710,{'name': 'Debate'}
Event 1711,{'name': 'Roundtable'}
Event 1712,{'name': 'Workshop'}
Event 1713,{'name': 'Masterclass'}
Event 1714,{'name': 'Workshop'}
Event 1715,{'name': 'Talk'}
Event 1716,{'name': 'Talk'}
Event 1717,{'name': 'Talk'}
Event 1718,{'name': 'Roundtable'}
Event 1719,{'name': 'Roundtable'}
Event 1720,{'name': 'Talk'}
Event 1721,{'name': 'Talk'}
Event 1722,{'name': 'Masterclass'}
Event 1723,{'name': 'Talk'}
Event 1724,{'name': 'Debate'}
Event 1725,{'name': 'Talk'}
Event 1726,{'name': 'Roundtable'}
Event 1727,{'name': 'Workshop'}
Event 1728,{'name': 'Roundtable'}
Event 1729,{'name': 'Roundtable'}
Event 1730,{'name': 'Talk'}
Event 1731,{'name': 'Roundtable'}
Event 1732,{'name': 'Debate'}
Event 1733,{'name': 'Masterclass'}
Event 1734,{'name': 'Masterclass'}
Event 1735,{'name': 'Roundtable'}
Event 1736,{'name': 'Roundtable'}
Event 1737,{'name': 'Debate'}
Event 1738,{'name': 'Workshop'}
Event 1739,{'name': 'Roundtable'}
Event 1740,{'name': 'Debate'}
Event 1741,{'name': 'Roundtable'}
Event 1742,{'name': 'Talk'}
Event 1743,{'name': 'Talk'}
Event 1744,{'name': 'Roundtable'}
Event 1745,{'name': 'Masterclass'}
Event 1746,{'name': 'Talk'}
Event 1747,{'name': 'Roundtable'}
Event 1748,{'name': 'Roundtable'}
Event 1749,{'name': 'Masterclass'}
Event 1750,{'name': 'Talk'}
Event 1751,{'name': 'Talk'}
Event 1752,{'name': 'Workshop'}
Event 1753,{'name': 'Debate'}
Event 1754,{'name': 'Roundtable'}
Event 1755,{'name': 'Workshop'}
Event 1756,{'name': 'Workshop'}
Event 1757,{'name': 'Workshop'}
Event 1758,{'name': 'Debate'}
Event 1759,{'name': 'Masterclass'}
Event 1760,{'name': 'Debate'}
Event 1761,{'name': 'Workshop'}
Event 1762,{'name': 'Workshop'}
Event 1763,{'name': 'Masterclass'}
Event 1764,{'name': 'Masterclass'}
Event 1765,{'name': 'Debate'}
Event 1766,{'name': 'Roundtable'}
Event 1767,{'name': 'Workshop'}
Event 1768,{'name': 'Talk'}
Event 1769,{'name': 'Talk'}
Event 1770,{'name': 'Workshop'}
Event 1771,{'name': 'Workshop'}
Event 1772,{'name': 'Debate'}
Event 1773,{'name': 'Roundtable'}
Event 1774,{'name': 'Workshop'}
Event 1775,{'name': 'Roundtable'}
Event 1776,{'name': 'Talk'}
Event 1777,{'name': 'Workshop'}
Event 1778,{'name': 'Talk'}
Event 1779,{'name': 'Masterclass'}
Event 1780,{'name': 'Debate'}
Event 1781,{'name': 'Workshop'}
Event 1782,{'name': 'Debate'}
Event 1783,{'name': 'Talk'}
Event 1784,{'name': 'Talk'}
Event 1785,{'name': 'Masterclass'}
Event 1786,{'name': 'Talk'}
Event 1787,{'name': 'Masterclass'}
Event 1788,{'name': 'Workshop'}
Event 1789,{'name': 'Debate'}
Event 1790,{'name': 'Workshop'}
Event 1791,{'name': 'Talk'}
Event 1792,{'name': 'Talk'}
Event 1793,{'name': 'Talk'}
Event 1794,{'name': 'Workshop'}
Event 1795,{'name': 'Workshop'}
Event 1796,{'name': 'Talk'}
Event 1797,{'name': 'Debate'}
Event 1798,{'name': 'Talk'}
Event 1799,{'name': 'Debate'}
Event 1800,{'name': 'Debate'}
Event 1801,{'name': 'Workshop'}
Event 1802,{'name': 'Roundtable'}
Event 1803,{'name': 'Masterclass'}
Event 1804,{'name': 'Workshop'}
Event 1805,{'name': 'Talk'}
Event 1806,{'name': 'Masterclass'}
Event 1807,{'name': 'Masterclass'}
Event 1808,{'name': 'Workshop'}
Event 1809,{'name': 'Roundtable'}
Event 1810,{'name': 'Talk'}
Event 1811,{'name': 'Talk'}
Event 1812,{'name': 'Debate'}
Event 1813,{'name': 'Masterclass'}
Event 1814,{'name': 'Debate'}
Event 1815,{'name': 'Talk'}
Event 1816,{'name': 'Roundtable'}
Event 1817,{'name': 'Masterclass'}
Event 1818,{'name': 'Debate'}
Event 1819,{'name': 'Masterclass'}
Event 1820,{'name': 'Talk'}
Event 1821,{'name': 'Roundtable'}
Event 1822,{'name': 'Workshop'}
Event 1823,{'name': 'Talk'}
Event 1824,{'name': 'Debate'}
Event 1825,{'name': 'Talk'}
Event 1826,{'name': 'Workshop'}
Event 1827,{'name': 'Masterclass'}
Event 1828,{'name': 'Workshop'}
Event 1829,{'name': 'Talk'}
Event 1830,{'name': 'Masterclass'}
Event 1831,{'name': 'Debate'}
Event 1832,{'name': 'Roundtable'}
Event 1833,{'name': 'Roundtable'}
Event 1834,{'name': 'Debate'}
Event 1835,{'name': 'Talk'}
Event 1836,{'name': 'Talk'}
Event 1837,{'name': 'Debate'}
Event 1838,{'name': 'Roundtable'}
Event 1839,{'name': 'Roundtable'}
Event 1840,{'name': 'Debate'}
Event 1841,{'name': 'Workshop'}
Event 1842,{'name': 'Masterclass'}
Event 1843,{'name': 'Roundtable'}
Event 1844,{'name': 'Roundtable'}
Event 1845,{'name': 'Roundtable'}
Event 1846,{'name': 'Roundtable'}
Event 1847,{'name': 'Roundtable'}
Event 1848,{'name': 'Talk'}
Event 1849,{'name': 'Roundtable'}
Event 1850,{'name': 'Masterclass'}
Event 1851,{'name': 'Roundtable'}
Event 1852,{'name': 'Debate'}
Event 1853,{'name': 'Workshop'}
Event 1854,{'name': 'Masterclass'}
Event 1855,{'name': 'Workshop'}
Event 1856,{'name': 'Debate'}
Event 1857,{'name': 'Talk'}
Event 1858,{'name': 'Talk'}
Event 1859,{'name': 'Talk'}
Event 1860,{'name': 'Roundtable'}
Event 1861,{'name': 'Talk'}
Event 1862,{'name': 'Roundtable'}
Event 1863,{'name': 'Masterclass'}
Event 1864,{'name': 'Masterclass'}
Event 1865,{'name': 'Roundtable'}
Event 1866,{'name': 'Workshop'}
Event 1867,{'name': 'Debate'}
Event 1868,{'name': 'Debate'}
Event 1869,{'name': 'Debate'}
Event 1870,{'name': 'Roundtable'}
Event 1871,{'name': 'Debate'}
Event 1872,{'name': 'Workshop'}
Event 1873,{'name': 'Debate'}
Event 1874,{'name': 'Talk'}
Event 1875,{'name': 'Workshop'}
Event 1876,{'name': 'Talk'}
Event 1877,{'name': 'Roundtable'}
Event 1878,{'name': 'Workshop'}
Event 1879,{'name': 'Debate'}
Event 1880,{'name': 'Talk'}
Event 1881,{'name': 'Roundtable'}
Event 1882,{'name': 'Masterclass'}
Event 1883,{'name': 'Masterclass'}
Event 1884,{'name': 'Roundtable'}
Event 1885,{'name': 'Debate'}
Event 1886,{'name': 'Debate'}
Event 1887,{'name': 'Masterclass'}
Event 1888,{'name': 'Roundtable'}
Event 1889,{'name': 'Masterclass'}
Event 1890,{'name': 'Debate'}
Event 1891,{'name': 'Workshop'}
Event 1892,{'name': 'Debate'}
Event 1893,{'name': 'Roundtable'}
Event 1894,{'name': 'Masterclass'}
Event 1895,{'name': 'Workshop'}
Event 1896,{'name': 'Roundtable'}
Event 1897,{'name': 'Workshop'}
Event 1898,{'name': 'Roundtable'}
Event 1899,{'name': 'Roundtable'}
Event 1900,{'name': 'Workshop'}
Event 1901,{'name': 'Debate'}
Event 1902,{'name': 'Talk'}
Event 1903,{'name': 'Talk'}
Event 1904,{'name': 'Workshop'}
Event 1905,{'name': 'Workshop'}
Event 1906,{'name': 'Masterclass'}
Event 1907,{'name': 'Workshop'}
Event 1908,{'name': 'Talk'}
Event 1909,{'name': 'Debate'}
Event 1910,{'name': 'Roundtable'}
Event 1911,{'name': 'Workshop'}
Event 1912,{'name': 'Talk'}
Event 1913,{'name': 'Roundtable'}
Event 1914,{'name': 'Workshop'}
Event 1915,{'name': 'Talk'}
Event 1916,{'name': 'Workshop'}
Event 1917,{'name': 'Workshop'}
Event 1918,{'name': 'Debate'}
Event 1919,{'name': 'Masterclass'}
Event 1920,{'name': 'Workshop'}
Event 1921,{'name': 'Talk'}
Event 1922,{'name': 'Debate'}
Event 1923,{'name': 'Masterclass'}
Event 1924,{'name': 'Masterclass'}
Event 1925,{'name': 'Talk'}
Event 1926,{'name': 'Talk'}
Event 1927,{'name': 'Talk'}
Event 1928,{'name': 'Masterclass'}
Event 1929,{'name': 'Masterclass'}
Event 1930,{'name': 'Debate'}
Event 1931,{'name': 'Debate'}
Event 1932,{'name': 'Roundtable'}
Event 1933,{'name': 'Roundtable'}
Event 1934,{'name': 'Debate'}
Event 1935,{'name': 'Roundtable'}
Event 1936,{'name': 'Workshop'}
Event 1937,{'name': 'Talk'}
Event 1938,{'name': 'Debate'}
Event 1939,{'name': 'Debate'}
Event 1940,{'name': 'Masterclass'}
Event 1941,{'name': 'Workshop'}
Event 1942,{'name': 'Workshop'}
Event 1943,{'name': 'Roundtable'}
Event 1944,{'name': 'Debate'}
Event 1945,{'name': 'Roundtable'}
Event 1946,{'name': 'Masterclass'}
Event 1947,{'name': 'Roundtable'}
Event 1948,{'name': 'Workshop'}
Event 1949,{'name': 'Masterclass'}
Event 1950,{'name': 'Talk'}
Event 1951,{'name': 'Masterclass'}
Event 1952,{'name': 'Masterclass'}
Event 1953,{'name': 'Debate'}
Event 1954,{'name': 'Debate'}
Event 1955,{'name': 'Talk'}
Event 1956,{'name': 'Workshop'}
Event 1957,{'name': 'Masterclass'}
Event 1958,{'name': 'Debate'}
Event 1959,{'name': 'Debate'}
Event 1960,{'name': 'Talk'}
Event 1961,{'name': 'Talk'}
Event 1962,{'name': 'Debate'}
Event 1963,{'name': 'Masterclass'}
Event 1964,{'name': 'Roundtable'}
Event 1965,{'name': 'Roundtable'}
Event 1966,{'name': 'Talk'}
Event 1967,{'name': 'Debate'}
Event 1968,{'name': 'Talk'}
Event 1969,{'name': 'Roundtable'}
Event 1970,{'name': 'Debate'}
Event 1971,{'name': 'Roundtable'}
Event 1972,{'name': 'Workshop'}
Event 1973,{'name': 'Workshop'}
Event 1974,{'name': 'Debate'}
Event 1975,{'name': 'Roundtable'}
Event 1976,{'name': 'Talk'}
Event 1977,{'name': 'Talk'}
Event 1978,{'name': 'Talk'}
Event 1979,{'name': 'Masterclass'}
Event 1980,{'name': 'Workshop'}
Event 1981,{'name': 'Masterclass'}
Event 1982,{'name': 'Masterclass'}
Event 1983,{'name': 'Talk'}
Event 1984,{'name': 'Roundtable'}
Event 1985,{'name': 'Talk'}
Event 1986,{'name': 'Roundtable'}
Event 1987,{'name': 'Workshop'}
Event 1988,{'name': 'Debate'}
Event 1989,{'name': 'Masterclass'}
Event 1990,{'name': 'Workshop'}
Event 1991,{'name': 'Roundtable'}
Event 1992,{'name': 'Debate'}
Event 1993,{'name': 'Workshop'}
Event 1994,{'name': 'Workshop'}
Event 1995,{'name': 'Masterclass'}
Event 1996,{'name': 'Roundtable'}
Event 1997,{'name': 'Talk'}
Event 1998,{'name': 'Workshop'}
Event 1999,{'name': 'Workshop'}
Event 2000,{'name': 'Masterclass'}
Event 2001,{'name': 'Roundtable'}
Event 2002,{'name': 'Talk'}
Event 2003,{'name': 'Masterclass'}
Event 2004,{'name': 'Debate'}
Event 2005,{'name': 'Debate'}
Event 2006,{'name': 'Masterclass'}
Event 2007,{'name': 'Talk'}
Event 2008,{'name': 'Roundtable'}
Event 2009,{'name': 'Masterclass'}
Event 2010,{'name': 'Debate'}
Event 2011,{'name': 'Workshop'}
Event 2012,{'name': 'Workshop'}
Event 2013,{'name': 'Workshop'}
Event 2014,{'name': 'Masterclass'}
Event 2015,{'name': 'Talk'}
Event 2016,{'name': 'Roundtable'}
Event 2017,{'name': 'Masterclass'}
Event 2018,{'name': 'Masterclass'}
Event 2019,{'name': 'Roundtable'}
Event 2020,{'name': 'Debate'}
Event 2021,{'name': 'Debate'}
Event 2022,{'name': 'Roundtable'}
Event 2023,{'name': 'Talk'}
Event 2024,{'name': 'Roundtable'}
Event 2025,{'name': 'Roundtable'}
Event 2026,{'name': 'Workshop'}
Event 2027,{'name': 'Workshop'}
Event 2028,{'name': 'Masterclass'}
Event 2029,{'name': 'Masterclass'}
Event 2030,{'name': 'Talk'}
Event 2031,{'name': 'Talk'}
Event 2032,{'name': 'Debate'}
Event 2033,{'name': 'Debate'}
Event 2034,{'name': 'Roundtable'}
Event 2035,{'name': 'Workshop'}
Event 2036,{'name': 'Talk'}
Event 2037,{'name': 'Masterclass'}
Event 2038,{'name': 'Roundtable'}
Event 2039,{'name': 'Roundtable'}
Event 2040,{'name': 'Roundtable'}
Event 2041,{'name': 'Workshop'}
Event 2042,{'name': 'Talk'}
Event 2043,{'name': 'Workshop'}
Event 2044,{'name': 'Masterclass'}
Event 2045,{'name': 'Debate'}
Event 2046,{'name': 'Roundtable'}
Event 2047,{'name': 'Talk'}
Event 2048,{'name': 'Masterclass'}
Event 2049,{'name': 'Talk'}
Event 2050,{'name': 'Masterclass'}
Event 2051,{'name': 'Workshop'}
Event 2052,{'name': 'Workshop'}
Event 2053,{'name': 'Debate'}
Event 2054,{'name': 'Debate'}
Event 2055,{'name': 'Workshop'}
Event 2056,{'name': 'Talk'}
Event 2057,{'name': 'Talk'}
Event 2058,{'name': 'Talk'}
Event 2059,{'name': 'Workshop'}
Event 2060,{'name': 'Roundtable'}
Event 2061,{'name': 'Masterclass'}
Event 2062,{'name': 'Roundtable'}
Event 2063,{'name': 'Debate'}
Event 2064,{'name': 'Talk'}
Event 2065,{'name': 'Workshop'}
Event 2066,{'name': 'Masterclass'}
Event 2067,{'name': 'Workshop'}
Event 2068,{'name': 'Roundtable'}
Event 2069,{'name': 'Masterclass'}
Event 2070,{'name': 'Talk'}
Event 2071,{'name': 'Debate'}
Event 2072,{'name': 'Talk'}
Event 2073,{'name': 'Roundtable'}
Event 2074,{'name': 'Workshop'}
Event 2075,{'name': 'Workshop'}
Event 2076,{'name': 'Talk'}
Event 2077,{'name': 'Talk'}
Event 2078,{'name': 'Debate'}
Event 2079,{'name': 'Workshop'}
Event 2080,{'name': 'Talk'}
Event 2081,{'name': 'Workshop'}
Event 2082,{'name': 'Roundtable'}
Event 2083,{'name': 'Workshop'}
Event 2084,{'name': 'Talk'}
Event 2085,{'name': 'Talk'}
Event 2086,{'name': 'Roundtable'}
Event 2087,{'name': 'Talk'}
Event 2088,{'name': 'Talk'}
Event 2089,{'name': 'Debate'}
Event 2090,{'name': 'Masterclass'}
Event 2091,{'name': 'Masterclass'}
Event 2092,{'name': 'Talk'}
Event 2093,{'name': 'Debate'}
Event 2094,{'name': 'Masterclass'}
Event 2095,{'name': 'Masterclass'}
Event 2096,{'name': 'Masterclass'}
Event 2097,{'name': 'Masterclass'}
Event 2098,{'name': 'Workshop'}
Event 2099,{'name': 'Masterclass'}
Event 2100,{'name': 'Debate'}
Event 2101,{'name': 'Debate'}
Event 2102,{'name': 'Roundtable'}
Event 2103,{'name': 'Roundtable'}
Event 2104,{'name': 'Roundtable'}
Event 2105,{'name': 'Roundtable'}
Event 2106,{'name': 'Workshop'}
Event 2107,{'name': 'Talk'}
Event 2108,{'name': 'Roundtable'}
Event 2109,{'name': 'Masterclass'}
Event 2110,{'name': 'Roundtable'}
Event 2111,{'name': 'Workshop'}
Event 2112,{'name': 'Debate'}
Event 2113,{'name': 'Masterclass'}
Event 2114,{'name': 'Workshop'}
Event 2115,{'name': 'Workshop'}
Event 2116,{'name': 'Roundtable'}
Event 2117,{'name': 'Talk'}
Event 2118,{'name': 'Debate'}
Event 2119,{'name': 'Roundtable'}
Event 2120,{'name': 'Masterclass'}
Event 2121,{'name': 'Workshop'}
Event 2122,{'name': 'Roundtable'}
Event 2123,{'name': 'Workshop'}
Event 2124,{'name': 'Debate'}
Event 2125,{'name': 'Talk'}
Event 2126,{'name': 'Debate'}
Event 2127,{'name': 'Talk'}
Event 2128,{'name': 'Talk'}
Event 2129,{'name': 'Masterclass'}
Event 2130,{'name': 'Workshop'}
Event 2131,{'name': 'Roundtable'}
Event 2132,{'name': 'Debate'}
Event 2133,{'name': 'Roundtable'}
Event 2134,{'name': 'Debate'}
Event 2135,{'name': 'Debate'}
Event 2136,{'name': 'Roundtable'}
Event 2137,{'name': 'Workshop'}
Event 2138,{'name': 'Workshop'}
Event 2139,{'name': 'Debate'}
Event 2140,{'name': 'Masterclass'}
Event 2141,{'name': 'Workshop'}
Event 2142,{'name': 'Workshop'}
Event 2143,{'name': 'Debate'}
Event 2144,{'name': 'Talk'}
Event 2145,{'name': 'Workshop'}
Event 2146,{'name': 'Roundtable'}
Event 2147,{'name': 'Masterclass'}
Event 2148,{'name': 'Masterclass'}
Event 2149,{'name': 'Talk'}
Event 2150,{'name': 'Debate'}
Event 2151,{'name': 'Debate'}
Event 2152,{'name': 'Debate'}
Event 2153,{'name': 'Masterclass'}
Event 2154,{'name': 'Masterclass'}
Event 2155,{'name': 'Debate'}
Event 2156,{'name': 'Workshop'}
Event 2157,{'name': 'Roundtable'}
Event 2158,{'name': 'Debate'}
Event 2159,{'name': 'Masterclass'}
Event 2160,{'name': 'Roundtable'}
Event 2161,{'name': 'Talk'}
Event 2162,{'name': 'Roundtable'}
Event 2163,{'name': 'Workshop'}
Event 2164,{'name': 'Debate'}
Event 2165,{'name': 'Talk'}
Event 2166,{'name': 'Roundtable'}
Event 2167,{'name': 'Workshop'}
Event 2168,{'name': 'Talk'}
Event 2169,{'name': 'Debate'}
Event 2170,{'name': 'Talk'}
Event 2171,{'name': 'Workshop'}
Event 2172,{'name': 'Workshop'}
Event 2173,{'name': 'Roundtable'}
Event 2174,{'name': 'Masterclass'}
Event 2175,{'name': 'Roundtable'}
Event 2176,{'name': 'Debate'}
Event 2177,{'name': 'Workshop'}
Event 2178,{'name': 'Roundtable'}
Event 2179,{'name': 'Workshop'}
Event 2180,{'name': 'Debate'}
Event 2181,{'name': 'Talk'}
Event 2182,{'name': 'Talk'}
Event 2183,{'name': 'Debate'}
Event 2184,{'name': 'Masterclass'}
Event 2185,{'name': 'Talk'}
Event 2186,{'name': 'Masterclass'}
Event 2187,{'name': 'Debate'}
Event 2188,{'name': 'Roundtable'}
Event 2189,{'name': 'Masterclass'}
Event 2190,{'name': 'Masterclass'}
Event 2191,{'name': 'Talk'}
Event 2192,{'name': 'Workshop'}
Event 2193,{'name': 'Masterclass'}
Event 2194,{'name': 'Masterclass'}
Event 2195,{'name': 'Masterclass'}
Event 2196,{'name': 'Roundtable'}
Event 2197,{'name': 'Roundtable'}
Event 2198,{'name': 'Roundtable'}
Event 2199,{'name': 'Masterclass'}
Event 2200,{'name': 'Masterclass'}
Event 2201,{'name': 'Workshop'}
Event 2202,{'name': 'Talk'}
Event 2203,{'name': 'Talk'}
Event 2204,{'name': 'Masterclass'}
Event 2205,{'name': 'Masterclass'}
Event 2206,{'name': 'Roundtable'}
Event 2207,{'name': 'Talk'}
Event 2208,{'name': 'Talk'}
Event 2209,{'name': 'Roundtable'}
Event 2210,{'name': 'Workshop'}
Event 2211,{'name': 'Workshop'}
Event 2212,{'name': 'Roundtable'}
Event 2213,{'name': 'Debate'}
Event 2214,{'name': 'Talk'}
Event 2215,{'name': 'Talk'}
Event 2216,{'name': 'Debate'}
Event 2217,{'name': 'Roundtable'}
Event 2218,{'name': 'Roundtable'}
Event 2219,{'name': 'Talk'}
Event 2220,{'name': 'Talk'}
Event 2221,{'name': 'Talk'}
Event 2222,{'name': 'Debate'}
Event 2223,{'name': 'Debate'}
Event 2224,{'name': 'Masterclass'}
Event 2225,{'name': 'Roundtable'}
Event 2226,{'name': 'Workshop'}
Event 2227,{'name': 'Masterclass'}
Event 2228,{'name': 'Workshop'}
Event 2229,{'name': 'Workshop'}
Event 2230,{'name': 'Masterclass'}
Event 2231,{'name': 'Debate'}
Event 2232,{'name': 'Debate'}
Event 2233,{'name': 'Workshop'}
Event 2234,{'name': 'Roundtable'}
Event 2235,{'name': 'Debate'}
Event 2236,{'name': 'Workshop'}
Event 2237,{'name': 'Debate'}
Event 2238,{'name': 'Talk'}
Event 2239,{'name': 'Masterclass'}
Event 2240,{'name': 'Workshop'}
Event 2241,{'name': 'Debate'}
Event 2242,{'name': 'Masterclass'}
Event 2243,{'name': 'Debate'}
Event 2244,{'name': 'Workshop'}
Event 2245,{'name': 'Debate'}
Event 2246,{'name': 'Talk'}
Event 2247,{'name': 'Talk'}
Event 2248,{'name': 'Masterclass'}
Event 2249,{'name': 'Debate'}
Event 2250,{'name': 'Roundtable'}
Event 2251,{'name': 'Workshop'}
Event 2252,{'name': 'Debate'}
Event 2253,{'name': 'Masterclass'}
Event 2254,{'name': 'Talk'}
Event 2255,{'name': 'Masterclass'}
Event 2256,{'name': 'Masterclass'}
Event 2257,{'name': 'Masterclass'}
Event 2258,{'name': 'Roundtable'}
Event 2259,{'name': 'Workshop'}
Event 2260,{'name': 'Masterclass'}
Event 2261,{'name': 'Workshop'}
Event 2262,{'name': 'Roundtable'}
Event 2263,{'name': 'Roundtable'}
Event 2264,{'name': 'Debate'}
Event 2265,{'name': 'Talk'}
Event 2266,{'name': 'Workshop'}
Event 2267,{'name': 'Debate'}
Event 2268,{'name': 'Talk'}
Event 2269,{'name': 'Roundtable'}
Event 2270,{'name': 'Masterclass'}
Event 2271,{'name': 'Workshop'}
Event 2272,{'name': 'Masterclass'}
Event 2273,{'name': 'Masterclass'}
Event 2274,{'name': 'Masterclass'}
Event 2275,{'name': 'Debate'}
Event 2276,{'name': 'Workshop'}
Event 2277,{'name': 'Roundtable'}
Event 2278,{'name': 'Workshop'}
Event 2279,{'name': 'Masterclass'}
Event 2280,{'name': 'Roundtable'}
Event 2281,{'name': 'Roundtable'}
Event 2282,{'name': 'Talk'}
Event 2283,{'name': 'Masterclass'}
Event 2284,{'name': 'Masterclass'}
Event 2285,{'name': 'Masterclass'}
Event 2286,{'name': 'Workshop'}
Event 2287,{'name': 'Debate'}
Event 2288,{'name': 'Workshop'}
Event 2289,{'name': 'Talk'}
Event 2290,{'name': 'Debate'}
Event 2291,{'name': 'Talk'}
Event 2292,{'name': 'Talk'}
Event 2293,{'name': 'Debate'}
Event 2294,{'name': 'Roundtable'}
Event 2295,{'name': 'Masterclass'}
Event 2296,{'name': 'Masterclass'}
Event 2297,{'name': 'Debate'}
Event 2298,{'name': 'Roundtable'}
Event 2299,{'name': 'Talk'}
Event 2300,{'name': 'Debate'}
Event 2301,{'name': 'Debate'}
Event 2302,{'name': 'Debate'}
Event 2303,{'name': 'Masterclass'}
Event 2304,{'name': 'Roundtable'}
Event 2305,{'name': 'Workshop'}
Event 2306,{'name': 'Roundtable'}
Event 2307,{'name': 'Roundtable'}
Event 2308,{'name': 'Workshop'}
Event 2309,{'name': 'Roundtable'}
Event 2310,{'name': 'Workshop'}
Event 2311,{'name': 'Masterclass'}
Event 2312,{'name': 'Workshop'}
Event 2313,{'name': 'Roundtable'}
Event 2314,{'name': 'Workshop'}
Event 2315,{'name': 'Debate'}
Event 2316,{'name': 'Roundtable'}
Event 2317,{'name': 'Talk'}
Event 2318,{'name': 'Workshop'}
Event 2319,{'name': 'Debate'}
Event 2320,{'name': 'Roundtable'}
Event 2321,{'name': 'Roundtable'}
Event 2322,{'name': 'Masterclass'}
Event 2323,{'name': 'Masterclass'}
Event 2324,{'name': 'Debate'}
Event 2325,{'name': 'Debate'}
Event 2326,{'name': 'Workshop'}
Event 2327,{'name': 'Masterclass'}
Event 2328,{'name': 'Masterclass'}
Event 2329,{'name': 'Workshop'}
Event 2330,{'name': 'Roundtable'}
Event 2331,{'name': 'Workshop'}
Event 2332,{'name': 'Roundtable'}
Event 2333,{'name': 'Workshop'}
Event 2334,{'name': 'Roundtable'}
Event 2335,{'name': 'Debate'}
Event 2336,{'name': 'Debate'}
Event 2337,{'name': 'Workshop'}
Event 2338,{'name': 'Debate'}
Event 2339,{'name': 'Talk'}
Event 2340,{'name': 'Talk'}
Event 2341,{'name': 'Debate'}
Event 2342,{'name': 'Masterclass'}
Event 2343,{'name': 'Debate'}
Event 2344,{'name': 'Roundtable'}
Event 2345,{'name': 'Masterclass'}
Event 2346,{'name': 'Roundtable'}
Event 2347,{'name': 'Debate'}
Event 2348,{'name': 'Roundtable'}
Event 2349,{'name': 'Talk'}
Event 2350,{'name': 'Masterclass'}
Event 2351,{'name': 'Masterclass'}
Event 2352,{'name': 'Masterclass'}
Event 2353,{'name': 'Roundtable'}
Event 2354,{'name': 'Debate'}
Event 2355,{'name': 'Debate'}
Event 2356,{'name': 'Masterclass'}
Event 2357,{'name': 'Debate'}
Event 2358,{'name': 'Masterclass'}
Event 2359,{'name': 'Masterclass'}
Event 2360,{'name': 'Roundtable'}
Event 2361,{'name': 'Debate'}
Event 2362,{'name': 'Masterclass'}
Event 2363,{'name': 'Debate'}
Event 2364,{'name': 'Workshop'}
Event 2365,{'name': 'Roundtable'}
Event 2366,{'name': 'Roundtable'}
Event 2367,{'name': 'Talk'}
Event 2368,{'name': 'Debate'}
Event 2369,{'name': 'Workshop'}
Event 2370,{'name': 'Debate'}
Event 2371,{'name': 'Roundtable'}
Event 2372,{'name': 'Roundtable'}
Event 2373,{'name': 'Masterclass'}
Event 2374,{'name': 'Roundtable'}
Event 2375,{'name': 'Debate'}
Event 2376,{'name': 'Debate'}
Event 2377,{'name': 'Talk'}
Event 2378,{'name': 'Debate'}
Event 2379,{'name': 'Debate'}
Event 2380,{'name': 'Workshop'}
Event 2381,{'name': 'Talk'}
Event 2382,{'name': 'Talk'}
Event 2383,{'name': 'Roundtable'}
Event 2384,{'name': 'Roundtable'}
Event 2385,{'name': 'Talk'}
Event 2386,{'name': 'Masterclass'}
Event 2387,{'name': 'Roundtable'}
Event 2388,{'name': 'Workshop'}
Event 2389,{'name': 'Roundtable'}
Event 2390,{'name': 'Debate'}
Event 2391,{'name': 'Debate'}
Event 2392,{'name': 'Talk'}
Event 2393,{'name': 'Roundtable'}
Event 2394,{'name': 'Masterclass'}
Event 2395,{'name': 'Talk'}
Event 2396,{'name': 'Workshop'}
Event 2397,{'name': 'Roundtable'}
Event 2398,{'name': 'Masterclass'}
Event 2399,{'name': 'Roundtable'}
Event 2400,{'name': 'Debate'}
Event 2401,{'name': 'Roundtable'}
Event 2402,{'name': 'Talk'}
Event 2403,{'name': 'Talk'}
Event 2404,{'name': 'Talk'}
Event 2405,{'name': 'Masterclass'}
Event 2406,{'name': 'Talk'}
Event 2407,{'name': 'Masterclass'}
Event 2408,{'name': 'Masterclass'}
Event 2409,{'name': 'Roundtable'}
Event 2410,{'name': 'Roundtable'}
Event 2411,{'name': 'Masterclass'}
Event 2412,{'name': 'Debate'}
Event 2413,{'name': 'Debate'}
Event 2414,{'name': 'Talk'}
Event 2415,{'name': 'Workshop'}
Event 2416,{'name': 'Talk'}
Event 2417,{'name': 'Masterclass'}
Event 2418,{'name': 'Roundtable'}
Event 2419,{'name': 'Roundtable'}
Event 2420,{'name': 'Masterclass'}
Event 2421,{'name': 'Masterclass'}
Event 2422,{'name': 'Talk'}
Event 2423,{'name': 'Masterclass'}
Event 2424,{'name': 'Masterclass'}
Event 2425,{'name': 'Talk'}
Event 2426,{'name': 'Debate'}
Event 2427,{'name': 'Talk'}
Event 2428,{'name': 'Masterclass'}
Event 2429,{'name': 'Debate'}
Event 2430,{'name': 'Talk'}
Event 2431,{'name': 'Debate'}
Event 2432,{'name': 'Masterclass'}
Event 2433,{'name': 'Debate'}
Event 2434,{'name': 'Talk'}
Event 2435,{'name': 'Debate'}
Event 2436,{'name': 'Roundtable'}
Event 2437,{'name': 'Masterclass'}
Event 2438,{'name': 'Masterclass'}
Event 2439,{'name': 'Talk'}
Event 2440,{'name': 'Debate'}
Event 2441,{'name': 'Debate'}
Event 2442,{'name': 'Workshop'}
Event 2443,{'name': 'Workshop'}
Event 2444,{'name': 'Workshop'}
Event 2445,{'name': 'Debate'}
Event 2446,{'name': 'Workshop'}
Event 2447,{'name': 'Debate'}
Event 2448,{'name': 'Masterclass'}
Event 2449,{'name': 'Debate'}
Event 2450,{'name': 'Roundtable'}
Event 2451,{'name': 'Talk'}
Event 2452,{'name': 'Talk'}
Event 2453,{'name': 'Debate'}
Event 2454,{'name': 'Talk'}
Event 2455,{'name': 'Roundtable'}
Event 2456,{'name': 'Debate'}
Event 2457,{'name': 'Roundtable'}
Event 2458,{'name': 'Roundtable'}
Event 2459,{'name': 'Roundtable'}
Event 2460,{'name': 'Debate'}
Event 2461,{'name': 'Workshop'}
Event 2462,{'name': 'Masterclass'}
Event 2463,{'name': 'Masterclass'}
Event 2464,{'name': 'Roundtable'}
Event 2465,{'name': 'Workshop'}
Event 2466,{'name': 'Debate'}
Event 2467,{'name': 'Roundtable'}
Event 2468,{'name': 'Roundtable'}
Event 2469,{'name': 'Workshop'}
Event 2470,{'name': 'Talk'}
Event 2471,{'name': 'Debate'}
Event 2472,{'name': 'Roundtable'}
Event 2473,{'name': 'Talk'}
Event 2474,{'name': 'Workshop'}
Event 2475,{'name': 'Talk'}
Event 2476,{'name': 'Debate'}
Event 2477,{'name': 'Talk'}
Event 2478,{'name': 'Masterclass'}
Event 2479,{'name': 'Workshop'}
Event 2480,{'name': 'Masterclass'}
Event 2481,{'name': 'Masterclass'}
Event 2482,{'name': 'Talk'}
Event 2483,{'name': 'Debate'}
Event 2484,{'name': 'Masterclass'}
Event 2485,{'name': 'Debate'}
Event 2486,{'name': 'Workshop'}
Event 2487,{'name': 'Masterclass'}
Event 2488,{'name': 'Talk'}
Event 2489,{'name': 'Talk'}
Event 2490,{'name': 'Debate'}
Event 2491,{'name': 'Talk'}
Event 2492,{'name': 'Masterclass'}
Event 2493,{'name': 'Roundtable'}
Event 2494,{'name': 'Masterclass'}
Event 2495,{'name': 'Roundtable'}
Event 2496,{'name': 'Roundtable'}
Event 2497,{'name': 'Roundtable'}
Event 2498,{'name': 'Debate'}
Event 2499,{'name': 'Masterclass'}
Event 2500,{'name': 'Masterclass'}
Event 2501,{'name': 'Masterclass'}
Event 2502,{'name': 'Roundtable'}
Event 2503,{'name': 'Talk'}
Event 2504,{'name': 'Workshop'}
Event 2505,{'name': 'Talk'}
Event 2506,{'name': 'Talk'}
Event 2507,{'name': 'Debate'}
Event 2508,{'name': 'Debate'}
Event 2509,{'name': 'Masterclass'}
Event 2510,{'name': 'Roundtable'}
Event 2511,{'name': 'Roundtable'}
Event 2512,{'name': 'Workshop'}
Event 2513,{'name': 'Debate'}
Event 2514,{'name': 'Talk'}
Event 2515,{'name': 'Workshop'}
Event 2516,{'name': 'Talk'}
Event 2517,{'name': 'Debate'}
Event 2518,{'name': 'Roundtable'}
Event 2519,{'name': 'Talk'}
Event 2520,{'name': 'Masterclass'}
Event 2521,{'name': 'Roundtable'}
Event 2522,{'name': 'Debate'}
Event 2523,{'name': 'Roundtable'}
Event 2524,{'name': 'Workshop'}
Event 2525,{'name': 'Debate'}
Event 2526,{'name': 'Debate'}
Event 2527,{'name': 'Talk'}
Event 2528,{'name': 'Talk'}
Event 2529,{'name': 'Masterclass'}
Event 2530,{'name': 'Talk'}
Event 2531,{'name': 'Roundtable'}
Event 2532,{'name': 'Masterclass'}
Event 2533,{'name': 'Talk'}
Event 2534,{'name': 'Debate'}
Event 2535,{'name': 'Masterclass'}
Event 2536,{'name': 'Workshop'}
Event 2537,{'name': 'Roundtable'}
Event 2538,{'name': 'Roundtable'}
Event 2539,{'name': 'Masterclass'}
Event 2540,{'name': 'Debate'}
Event 2541,{'name': 'Roundtable'}
Event 2542,{'name': 'Roundtable'}
Event 2543,{'name': 'Roundtable'}
Event 2544,{'name': 'Workshop'}
Event 2545,{'name': 'Talk'}
Event 2546,{'name': 'Masterclass'}
Event 2547,{'name': 'Masterclass'}
Event 2548,{'name': 'Roundtable'}
Event 2549,{'name': 'Masterclass'}
Event 2550,{'name': 'Talk'}
Event 2551,{'name': 'Talk'}
Event 2552,{'name': 'Masterclass'}
Event 2553,{'name': 'Talk'}
Event 2554,{'name': 'Debate'}
Event 2555,{'name': 'Workshop'}
Event 2556,{'name': 'Debate'}
Event 2557,{'name': 'Masterclass'}
Event 2558,{'name': 'Talk'}
Event 2559,{'name': 'Debate'}
Event 2560,{'name': 'Masterclass'}
Event 2561,{'name': 'Talk'}
Event 2562,{'name': 'Workshop'}
Event 2563,{'name': 'Debate'}
Event 2564,{'name': 'Talk'}
Event 2565,{'name': 'Workshop'}
Event 2566,{'name': 'Masterclass'}
Event 2567,{'name': 'Talk'}
Event 2568,{'name': 'Workshop'}
Event 2569,{'name': 'Debate'}
Event 2570,{'name': 'Masterclass'}
Event 2571,{'name': 'Roundtable'}
Event 2572,{'name': 'Masterclass'}
Event 2573,{'name': 'Workshop'}
Event 2574,{'name': 'Masterclass'}
Event 2575,{'name': 'Workshop'}
Event 2576,{'name': 'Masterclass'}
Event 2577,{'name': 'Debate'}
Event 2578,{'name': 'Roundtable'}
Event 2579,{'name': 'Debate'}
Event 2580,{'name': 'Roundtable'}
Event 2581,{'name': 'Debate'}
Event 2582,{'name': 'Masterclass'}
Event 2583,{'name': 'Workshop'}
Event 2584,{'name': 'Masterclass'}
Event 2585,{'name': 'Talk'}
Event 2586,{'name': 'Roundtable'}
Event 2587,{'name': 'Masterclass'}
Event 2588,{'name': 'Talk'}
Event 2589,{'name': 'Roundtable'}
Event 2590,{'name': 'Roundtable'}
Event 2591,{'name': 'Debate'}
Event 2592,{'name': 'Debate'}
Event 2593,{'name': 'Roundtable'}
Event 2594,{'name': 'Debate'}
Event 2595,{'name': 'Talk'}
Event 2596,{'name': 'Masterclass'}
Event 2597,{'name': 'Debate'}
Event 2598,{'name': 'Masterclass'}
Event 2599,{'name': 'Workshop'}
Event 2600,{'name': 'Workshop'}
Event 2601,{'name': 'Talk'}
Event 2602,{'name': 'Roundtable'}
Event 2603,{'name': 'Roundtable'}
Event 2604,{'name': 'Talk'}
Event 2605,{'name': 'Debate'}
Event 2606,{'name': 'Roundtable'}
Event 2607,{'name': 'Roundtable'}
Event 2608,{'name': 'Masterclass'}
Event 2609,{'name': 'Masterclass'}
Event 2610,{'name': 'Masterclass'}
Event 2611,{'name': 'Roundtable'}
Event 2612,{'name': 'Debate'}
Event 2613,{'name': 'Roundtable'}
Event 2614,{'name': 'Debate'}
Event 2615,{'name': 'Masterclass'}
Event 2616,{'name': 'Debate'}
Event 2617,{'name': 'Workshop'}
Event 2618,{'name': 'Talk'}
Event 2619,{'name': 'Masterclass'}
Event 2620,{'name': 'Debate'}
Event 2621,{'name': 'Roundtable'}
Event 2622,{'name': 'Masterclass'}
Event 2623,{'name': 'Debate'}
Event 2624,{'name': 'Workshop'}
Event 2625,{'name': 'Talk'}
Event 2626,{'name': 'Roundtable'}
Event 2627,{'name': 'Masterclass'}
Event 2628,{'name': 'Workshop'}
Event 2629,{'name': 'Workshop'}
Event 2630,{'name': 'Talk'}
Event 2631,{'name': 'Roundtable'}
Event 2632,{'name': 'Roundtable'}
Event 2633,{'name': 'Debate'}
Event 2634,{'name': 'Talk'}
Event 2635,{'name': 'Debate'}
Event 2636,{'name': 'Talk'}
Event 2637,{'name': 'Talk'}
Event 2638,{'name': 'Debate'}
Event 2639,{'name': 'Workshop'}
Event 2640,{'name': 'Roundtable'}
Event 2641,{'name': 'Roundtable'}
Event 2642,{'name': 'Talk'}
Event 2643,{'name': 'Masterclass'}
Event 2644,{'name': 'Talk'}
Event 2645,{'name': 'Roundtable'}
Event 2646,{'name': 'Workshop'}
Event 2647,{'name': 'Roundtable'}
Event 2648,{'name': 'Talk'}
Event 2649,{'name': 'Debate'}
Event 2650,{'name': 'Workshop'}
Event 2651,{'name': 'Talk'}
Event 2652,{'name': 'Masterclass'}
Event 2653,{'name': 'Workshop'}
Event 2654,{'name': 'Masterclass'}
Event 2655,{'name': 'Masterclass'}
Event 2656,{'name': 'Roundtable'}
Event 2657,{'name': 'Talk'}
Event 2658,{'name': 'Masterclass'}
Event 2659,{'name': 'Roundtable'}
Event 2660,{'name': 'Talk'}
Event 2661,{'name': 'Workshop'}
Event 2662,{'name': 'Debate'}
Event 2663,{'name': 'Roundtable'}
Event 2664,{'name': 'Masterclass'}
Event 2665,{'name': 'Masterclass'}
Event 2666,{'name': 'Talk'}
Event 2667,{'name': 'Talk'}
Event 2668,{'name': 'Masterclass'}
Event 2669,{'name': 'Debate'}
Event 2670,{'name': 'Workshop'}
Event 2671,{'name': 'Roundtable'}
Event 2672,{'name': 'Debate'}
Event 2673,{'name': 'Workshop'}
Event 2674,{'name': 'Talk'}
Event 2675,{'name': 'Talk'}
Event 2676,{'name': 'Roundtable'}
Event 2677,{'name': 'Roundtable'}
Event 2678,{'name': 'Debate'}
Event 2679,{'name': 'Masterclass'}
Event 2680,{'name': 'Debate'}
Event 2681,{'name': 'Talk'}
Event 2682,{'name': 'Workshop'}
Event 2683,{'name': 'Masterclass'}
Event 2684,{'name': 'Roundtable'}
Event 2685,{'name': 'Debate'}
Event 2686,{'name': 'Masterclass'}
Event 2687,{'name': 'Masterclass'}
Event 2688,{'name': 'Talk'}
Event 2689,{'name': 'Roundtable'}
Event 2690,{'name': 'Masterclass'}
Event 2691,{'name': 'Workshop'}
Event 2692,{'name': 'Workshop'}
Event 2693,{'name': 'Workshop'}
Event 2694,{'name': 'Debate'}
Event 2695,{'name': 'Talk'}
Event 2696,{'name': 'Talk'}
Event 2697,{'name': 'Masterclass'}
Event 2698,{'name': 'Roundtable'}
Event 2699,{'name': 'Talk'}
Event 2700,{'name': 'Talk'}
Event 2701,{'name': 'Talk'}
Event 2702,{'name': 'Masterclass'}
Event 2703,{'name': 'Debate'}
Event 2704,{'name': 'Debate'}
Event 2705,{'name': 'Roundtable'}
Event 2706,{'name': 'Workshop'}
Event 2707,{'name': 'Debate'}
Event 2708,{'name': 'Roundtable'}
Event 2709,{'name': 'Masterclass'}
Event 2710,{'name': 'Talk'}
Event 2711,{'name': 'Talk'}
Event 2712,{'name': 'Workshop'}
Event 2713,{'name': 'Roundtable'}
Event 2714,{'name': 'Workshop'}
Event 2715,{'name': 'Masterclass'}
Event 2716,{'name': 'Debate'}
Event 2717,{'name': 'Workshop'}
Event 2718,{'name': 'Debate'}
Event 2719,{'name': 'Debate'}
Event 2720,{'name': 'Debate'}
Event 2721,{'name': 'Talk'}
Event 2722,{'name': 'Debate'}
Event 2723,{'name': 'Debate'}
Event 2724,{'name': 'Talk'}
Event 2725,{'name': 'Talk'}
Event 2726,{'name': 'Roundtable'}
Event 2727,{'name': 'Masterclass'}
Event 2728,{'name': 'Debate'}
Event 2729,{'name': 'Masterclass'}
Event 2730,{'name': 'Masterclass'}
Event 2731,{'name': 'Talk'}
Event 2732,{'name': 'Workshop'}
Event 2733,{'name': 'Masterclass'}
Event 2734,{'name': 'Roundtable'}
Event 2735,{'name': 'Workshop'}
Event 2736,{'name': 'Masterclass'}
Event 2737,{'name': 'Debate'}
Event 2738,{'name': 'Talk'}
Event 2739,{'name': 'Debate'}
Event 2740,{'name': 'Workshop'}
Event 2741,{'name': 'Talk'}
Event 2742,{'name': 'Workshop'}
Event 2743,{'name': 'Talk'}
Event 2744,{'name': 'Masterclass'}
Event 2745,{'name': 'Workshop'}
Event 2746,{'name': 'Debate'}
Event 2747,{'name': 'Workshop'}
Event 2748,{'name': 'Roundtable'}
Event 2749,{'name': 'Talk'}
Event 2750,{'name': 'Masterclass'}
Event 2751,{'name': 'Roundtable'}
Event 2752,{'name': 'Masterclass'}
Event 2753,{'name': 'Roundtable'}
Event 2754,{'name': 'Roundtable'}
Event 2755,{'name': 'Roundtable'}
Event 2756,{'name': 'Workshop'}
Event 2757,{'name': 'Debate'}
Event 2758,{'name': 'Workshop'}
Event 2759,{'name': 'Masterclass'}
Event 2760,{'name': 'Talk'}
Event 2761,{'name': 'Talk'}
Event 2762,{'name': 'Talk'}
Event 2763,{'name': 'Roundtable'}
Event 2764,{'name': 'Masterclass'}
Event 2765,{'name': 'Debate'}
Event 2766,{'name': 'Masterclass'}
Event 2767,{'name': 'Roundtable'}
Event 2768,{'name': 'Roundtable'}
Event 2769,{'name': 'Talk'}
Event 2770,{'name': 'Roundtable'}
Event 2771,{'name': 'Roundtable'}
Event 2772,{'name': 'Workshop'}
Event 2773,{'name': 'Masterclass'}
Event 2774,{'name': 'Debate'}
Event 2775,{'name': 'Roundtable'}
Event 2776,{'name': 'Debate'}
Event 2777,{'name': 'Masterclass'}
Event 2778,{'name': 'Workshop'}
Event 2779,{'name': 'Masterclass'}
Event 2780,{'name': 'Masterclass'}
Event 2781,{'name': 'Roundtable'}
Event 2782,{'name': 'Masterclass'}
Event 2783,{'name': 'Roundtable'}
Event 2784,{'name': 'Debate'}
Event 2785,{'name': 'Talk'}
Event 2786,{'name': 'Debate'}
Event 2787,{'name': 'Workshop'}
Event 2788,{'name': 'Talk'}
Event 2789,{'name': 'Debate'}
Event 2790,{'name': 'Roundtable'}
Event 2791,{'name': 'Talk'}
Event 2792,{'name': 'Workshop'}
Event 2793,{'name': 'Workshop'}
Event 2794,{'name': 'Debate'}
Event 2795,{'name': 'Debate'}
Event 2796,{'name': 'Talk'}
Event 2797,{'name': 'Roundtable'}
Event 2798,{'name': 'Workshop'}
Event 2799,{'name': 'Masterclass'}
Event 2800,{'name': 'Talk'}
Event 2801,{'name': 'Workshop'}
Event 2802,{'name': 'Talk'}
Event 2803,{'name': 'Talk'}
Event 2804,{'name': 'Debate'}
Event 2805,{'name': 'Talk'}
Event 2806,{'name': 'Workshop'}
Event 2807,{'name': 'Talk'}
Event 2808,{'name': 'Talk'}
Event 2809,{'name': 'Masterclass'}
Event 2810,{'name': 'Talk'}
Event 2811,{'name': 'Masterclass'}
Event 2812,{'name': 'Roundtable'}
Event 2813,{'name': 'Workshop'}
Event 2814,{'name': 'Talk'}
Event 2815,{'name': 'Talk'}
Event 2816,{'name': 'Roundtable'}
Event 2817,{'name': 'Talk'}
Event 2818,{'name': 'Roundtable'}
Event 2819,{'name': 'Debate'}
Event 2820,{'name': 'Talk'}
Event 2821,{'name': 'Talk'}
Event 2822,{'name': 'Talk'}
Event 2823,{'name': 'Workshop'}
Event 2824,{'name': 'Masterclass'}
Event 2825,{'name': 'Debate'}
Event 2826,{'name': 'Roundtable'}
Event 2827,{'name': 'Masterclass'}
Event 2828,{'name': 'Talk'}
Event 2829,{'name': 'Masterclass'}
Event 2830,{'name': 'Roundtable'}
Event 2831,{'name': 'Talk'}
Event 2832,{'name': 'Workshop'}
Event 2833,{'name': 'Debate'}
Event 2834,{'name': 'Roundtable'}
Event 2835,{'name': 'Debate'}
Event 2836,{'name': 'Roundtable'}
Event 2837,{'name': 'Workshop'}
Event 2838,{'name': 'Workshop'}
Event 2839,{'name': 'Roundtable'}
Event 2840,{'name': 'Workshop'}
Event 2841,{'name': 'Workshop'}
Event 2842,{'name': 'Talk'}
Event 2843,{'name': 'Debate'}
Event 2844,{'name': 'Debate'}
Event 2845,{'name': 'Workshop'}
Event 2846,{'name': 'Debate'}
Event 2847,{'name': 'Workshop'}
Event 2848,{'name': 'Debate'}
Event 2849,{'name': 'Masterclass'}
Event 2850,{'name': 'Masterclass'}
Event 2851,{'name': 'Workshop'}
Event 2852,{'name': 'Talk'}
Event 2853,{'name': 'Masterclass'}
Event 2854,{'name': 'Masterclass'}
Event 2855,{'name': 'Talk'}
Event 2856,{'name': 'Workshop'}
Event 2857,{'name': 'Roundtable'}
Event 2858,{'name': 'Debate'}
Event 2859,{'name': 'Roundtable'}
Event 2860,{'name': 'Talk'}
Event 2861,{'name': 'Debate'}
Event 2862,{'name': 'Debate'}
Event 2863,{'name': 'Debate'}
Event 2864,{'name': 'Talk'}
Event 2865,{'name': 'Workshop'}
Event 2866,{'name': 'Debate'}
Event 2867,{'name': 'Roundtable'}
Event 2868,{'name': 'Roundtable'}
Event 2869,{'name': 'Roundtable'}
Event 2870,{'name': 'Talk'}
Event 2871,{'name': 'Masterclass'}
Event 2872,{'name': 'Debate'}
Event 2873,{'name': 'Debate'}
Event 2874,{'name': 'Workshop'}
Event 2875,{'name': 'Debate'}
Event 2876,{'name': 'Debate'}
Event 2877,{'name': 'Roundtable'}
Event 2878,{'name': 'Debate'}
Event 2879,{'name': 'Roundtable'}
Event 2880,{'name': 'Debate'}
Event 2881,{'name': 'Talk'}
Event 2882,{'name': 'Masterclass'}
Event 2883,{'name': 'Roundtable'}
Event 2884,{'name': 'Debate'}
Event 2885,{'name': 'Debate'}
Event 2886,{'name': 'Masterclass'}
Event 2887,{'name': 'Workshop'}
Event 2888,{'name': 'Masterclass'}
Event 2889,{'name': 'Workshop'}
Event 2890,{'name': 'Roundtable'}
Event 2891,{'name': 'Roundtable'}
Event 2892,{'name': 'Debate'}
Event 2893,{'name': 'Masterclass'}
Event 2894,{'name': 'Roundtable'}
Event 2895,{'name': 'Workshop'}
Event 2896,{'name': 'Roundtable'}
Event 2897,{'name': 'Workshop'}
Event 2898,{'name': 'Masterclass'}
Event 2899,{'name': 'Talk'}
Event 2900,{'name': 'Roundtable'}
Event 2901,{'name': 'Masterclass'}
Event 2902,{'name': 'Debate'}
Event 2903,{'name': 'Workshop'}
Event 2904,{'name': 'Debate'}
Event 2905,{'name': 'Roundtable'}
Event 2906,{'name': 'Roundtable'}
Event 2907,{'name': 'Masterclass'}
Event 2908,{'name': 'Masterclass'}
Event 2909,{'name': 'Masterclass'}
Event 2910,{'name': 'Talk'}
Event 2911,{'name': 'Talk'}
Event 2912,{'name': 'Workshop'}
Event 2913,{'name': 'Roundtable'}
Event 2914,{'name': 'Roundtable'}
Event 2915,{'name': 'Masterclass'}
Event 2916,{'name': 'Debate'}
Event 2917,{'name': 'Workshop'}
Event 2918,{'name': 'Masterclass'}
Event 2919,{'name': 'Debate'}
Event 2920,{'name': 'Masterclass'}
Event 2921,{'name': 'Talk'}
Event 2922,{'name': 'Debate'}
Event 2923,{'name': 'Debate'}
Event 2924,{'name': 'Masterclass'}
Event 2925,{'name': 'Debate'}
Event 2926,{'name': 'Roundtable'}
Event 2927,{'name': 'Talk'}
Event 2928,{'name': 'Masterclass'}
Event 2929,{'name': 'Masterclass'}
Event 2930,{'name': 'Masterclass'}
Event 2931,{'name': 'Workshop'}
Event 2932,{'name': 'Debate'}
Event 2933,{'name': 'Debate'}
Event 2934,{'name': 'Roundtable'}
Event 2935,{'name': 'Workshop'}
Event 2936,{'name': 'Debate'}
Event 2937,{'name': 'Debate'}
Event 2938,{'name': 'Talk'}
Event 2939,{'name': 'Talk'}
Event 2940,{'name': 'Workshop'}
Event 2941,{'name': 'Masterclass'}
Event 2942,{'name': 'Masterclass'}
Event 2943,{'name': 'Roundtable'}
Event 2944,{'name': 'Roundtable'}
Event 2945,{'name': 'Workshop'}
Event 2946,{'name': 'Roundtable'}
Event 2947,{'name': 'Debate'}
Event 2948,{'name': 'Masterclass'}
Event 2949,{'name': 'Debate'}
Event 2950,{'name': 'Masterclass'}
Event 2951,{'name': 'Masterclass'}
Event 2952,{'name': 'Roundtable'}
Event 2953,{'name': 'Workshop'}
Event 2954,{'name': 'Workshop'}
Event 2955,{'name': 'Debate'}
Event 2956,{'name': 'Workshop'}
Event 2957,{'name': 'Debate'}
Event 2958,{'name': 'Debate'}
Event 2959,{'name': 'Talk'}
Event 2960,{'name': 'Debate'}
Event 2961,{'name': 'Debate'}
Event 2962,{'name': 'Roundtable'}
Event 2963,{'name': 'Debate'}
Event 2964,{'name': 'Debate'}
Event 2965,{'name': 'Masterclass'}
Event 2966,{'name': 'Talk'}
Event 2967,{'name': 'Workshop'}
Event 2968,{'name': 'Debate'}
Event 2969,{'name': 'Roundtable'}
Event 2970,{'name': 'Talk'}
Event 2971,{'name': 'Workshop'}
Event 2972,{'name': 'Roundtable'}
Event 2973,{'name': 'Roundtable'}
Event 2974,{'name': 'Talk'}
Event 2975,{'name': 'Roundtable'}
Event 2976,{'name': 'Masterclass'}
Event 2977,{'name': 'Talk'}
Event 2978,{'name': 'Workshop'}
Event 2979,{'name': 'Debate'}
Event 2980,{'name': 'Debate'}
Event 2981,{'name': 'Talk'}
Event 2982,{'name': 'Workshop'}
Event 2983,{'name': 'Workshop'}
Event 2984,{'name': 'Talk'}
Event 2985,{'name': 'Debate'}
Event 2986,{'name': 'Debate'}
Event 2987,{'name': 'Talk'}
Event 2988,{'name': 'Roundtable'}
Event 2989,{'name': 'Debate'}
Event 2990,{'name': 'Debate'}
Event 2991,{'name': 'Workshop'}
Event 2992,{'name': 'Workshop'}
Event 2993,{'name': 'Debate'}
Event 2994,{'name': 'Workshop'}
Event 2995,{'name': 'Talk'}
Event 2996,{'name': 'Masterclass'}
Event 2997,{'name': 'Talk'}
Event 2998,{'name': 'Workshop'}
Event 2999,{'name': 'Talk'}
Event 3000,{'name': 'Roundtable'}
